,Date,SessionTime,DriverAhead,sGapToCarAhead,Time,nEngine,vCar,nGear,rThrottlePedal,pBrakeF1,Source,RelativeDistance,Status,X,Y,Z,sLap,Lap
29275,06:27.7,0 days 01:20:41.350000,,301.4269444,0 days 00:00:00,11970.17733,269.9454557,6,100,FALSE,interpolation,0.00014706,OnTrack,-7667.616875,-6561.850493,502.2566183,0,27
29276,06:27.7,0 days 01:20:41.356000,,301.4269444,0 days 00:00:00.006000,11973,270,6,100,FALSE,car,0.000284086,OnTrack,-7668.054515,-6557.006943,502.2818117,0.45,27
29277,06:27.9,0 days 01:20:41.556000,10,301.4269444,0 days 00:00:00.206000,12039,270,6,100,FALSE,car,0.004855196,OnTrack,-7677.391237,-6385.768243,502.9234687,15.45,27
29278,06:27.9,0 days 01:20:41.593000,10,300.1319377,0 days 00:00:00.243000,12051.64173,270.3083349,6,100,FALSE,pos,0.005704067,OnTrack,-7678,-6352,503,18.228169,27
29279,06:28.1,0 days 01:20:41.796000,10,293.0269444,0 days 00:00:00.446000,12121,272,6,100,FALSE,car,0.01038116,OnTrack,-7675.153357,-6155.362963,503.1854487,33.56594678,27
29280,06:28.3,0 days 01:20:41.973000,10,286.9794379,0 days 00:00:00.623000,12154.74066,273.1062512,6,100,FALSE,pos,0.014477082,OnTrack,-7670,-6018,503,46.99367079,27
29281,06:28.4,0 days 01:20:42.116000,10,282.0936111,0 days 00:00:00.766000,12182,274,6,100,FALSE,car,0.017803289,OnTrack,-7667.507903,-5959.682695,502.6087822,57.87755968,27
29282,06:28.5,0 days 01:20:42.233000,10,278.0961046,0 days 00:00:00.883000,12233.18758,275.4625024,6,100,FALSE,pos,0.020537895,OnTrack,-7662,-5896,503,66.83009101,27
29283,06:28.6,0 days 01:20:42.276000,10,276.6269444,0 days 00:00:00.926000,12252,276,6,100,FALSE,car,0.021541441,OnTrack,-7658.32211,-5859.311024,503.4700791,70.12675768,27
29284,06:28.8,0 days 01:20:42.513000,10,269.2536051,0 days 00:00:01.163000,11855.87111,269.2285659,6,42.44281051,FALSE,pos,0.026971792,OnTrack,-7629,-5594,508,87.8509716,27
29285,06:28.9,0 days 01:20:42.556000,10,267.9158333,0 days 00:00:01.206000,11784,268,6,32,TRUE,car,0.027893591,OnTrack,-7624.423225,-5556.903647,508.7559169,91.05208271,27
29286,06:29.3,0 days 01:20:42.956000,10,261.5825,0 days 00:00:01.606000,11121,219,6,0,TRUE,car,0.035308947,OnTrack,-7592.184951,-5378.030138,515.0687734,115.385416,27
29287,06:29.3,0 days 01:20:42.994000,10,261.5086109,0 days 00:00:01.644000,11195.79116,215.2863511,6,0,TRUE,pos,0.035932431,OnTrack,-7588,-5359,516,117.6578831,27
29288,06:29.5,0 days 01:20:43.154000,10,261.1974998,0 days 00:00:01.804000,11510.70025,199.6499875,6,0,TRUE,pos,0.038425721,OnTrack,-7568,-5268,520,126.5312159,27
29289,06:29.7,0 days 01:20:43.396000,10,260.7269444,0 days 00:00:02.046000,11987,176,4,0,TRUE,car,0.041864258,OnTrack,-7540.017317,-5149.571111,519.7861447,138.362327,27
29290,06:29.7,0 days 01:20:43.414000,10,260.8269452,0 days 00:00:02.064000,11879.26923,173.9299853,4,0,TRUE,pos,0.042107487,OnTrack,-7537,-5138,520,139.2319769,27
29291,06:29.9,0 days 01:20:43.574000,10,261.715834,0 days 00:00:02.224000,10921.66923,155.5299853,4,0,TRUE,pos,0.044184339,OnTrack,-7505,-5020,524,146.1444207,27
29292,06:29.9,0 days 01:20:43.596000,10,261.8380556,0 days 00:00:02.246000,10790,153,3,0,TRUE,car,0.044454554,OnTrack,-7501.13128,-5006.159351,524.5288097,147.0794207,27
29293,06:30.3,0 days 01:20:43.993000,10,267.2416693,0 days 00:00:02.643000,10652.85448,130.4431709,3,0,TRUE,pos,0.04877305,OnTrack,-7462,-4883,530,161.4644037,27
29294,06:30.3,0 days 01:20:44.036000,10,267.8269444,0 days 00:00:02.686000,10638,128,2,0,TRUE,car,0.049222052,OnTrack,-7458.463748,-4873.306234,530.5924019,162.9932926,27
29295,06:30.6,0 days 01:20:44.293000,10,271.8247252,0 days 00:00:02.943000,10302.06403,123.4107109,2,0,TRUE,pos,0.051903028,OnTrack,-7435,-4812,534,171.8034461,27
29296,06:30.6,0 days 01:20:44.316000,10,272.1825,0 days 00:00:02.966000,10272,123,2,0,TRUE,car,0.052137405,OnTrack,-7432.56184,-4805.959225,534.1615124,172.5892795,27
29297,06:30.8,0 days 01:20:44.533000,10,275.9800034,0 days 00:00:03.183000,9927.512195,118.2531208,2,0,TRUE,pos,0.054285103,OnTrack,-7400,-4744,535,179.7173148,27
29298,06:30.9,0 days 01:20:44.636000,10,277.7825,0 days 00:00:03.286000,9764,116,2,0,FALSE,car,0.055279619,OnTrack,-7369.76718,-4711.659279,536.0204666,183.0362037,27
29299,06:31.1,0 days 01:20:44.813000,10,281.0275035,0 days 00:00:03.463000,9801.858374,114.0333312,2,14.750016,FALSE,pos,0.056966181,OnTrack,-7311,-4663,538,188.6428425,27
29300,06:31.3,0 days 01:20:44.996000,10,284.3825,0 days 00:00:03.646000,9841,112,2,30,FALSE,car,0.058692715,OnTrack,-7277.294242,-4643.930075,538.2388416,194.3361758,27
29301,06:31.5,0 days 01:20:45.156000,10,287.2713889,0 days 00:00:03.806000,10212,112,2,40,FALSE,car,0.060209646,OnTrack,-7248.390475,-4637.159315,538.8069997,199.3139536,27
29302,06:31.5,0 days 01:20:45.173000,10,287.5405586,0 days 00:00:03.823000,10259.24637,112.4958389,2,41.4875168,FALSE,pos,0.060374569,OnTrack,-7244,-4636,539,199.8451839,27
29303,06:31.6,0 days 01:20:45.293000,10,289.4405586,0 days 00:00:03.943000,10592.74637,115.9958389,2,51.9875168,FALSE,pos,0.061565509,OnTrack,-7206,-4626,541,203.7117119,27
29304,06:31.7,0 days 01:20:45.396000,10,291.0713889,0 days 00:00:04.046000,10879,119,2,61,FALSE,car,0.062627256,OnTrack,-7164.415839,-4617.298926,543.248763,207.1164341,27
29305,06:32.0,0 days 01:20:45.653000,10,294.3552802,0 days 00:00:04.303000,11534.35049,129.0964361,2,74.76786743,FALSE,pos,0.065444048,OnTrack,-7054,-4600,549,216.3324852,27
29306,06:32.0,0 days 01:20:45.676000,10,294.6491667,0 days 00:00:04.326000,11593,130,2,76,FALSE,car,0.065708522,OnTrack,-7046.900257,-4599.081161,549.3324658,217.1630408,27
29307,06:32.2,0 days 01:20:45.893000,10,296.5780573,0 days 00:00:04.543000,11788.90295,138.4388964,2,90.46667947,FALSE,pos,0.068305753,OnTrack,-6994,-4594,552,225.5078298,27
29308,06:32.3,0 days 01:20:46.036000,10,297.8491667,0 days 00:00:04.686000,11918,144,2,100,FALSE,car,0.070096788,OnTrack,-6946.799367,-4590.148225,555.9144301,231.2278298,27
29309,06:32.4,0 days 01:20:46.133000,10,298.4419456,0 days 00:00:04.783000,11358.43014,150.062512,2,100,FALSE,pos,0.071341488,OnTrack,-6909,-4587,559,235.2711808,27
29310,06:32.5,0 days 01:20:46.196000,10,298.8269444,0 days 00:00:04.846000,10995,154,3,100,FALSE,car,0.072182569,OnTrack,-6882.640531,-4584.741961,560.9403958,237.9661808,27
29311,06:32.6,0 days 01:20:46.293000,10,298.8808334,0 days 00:00:04.943000,11131.88804,160.3458032,3,100,FALSE,pos,0.073549696,OnTrack,-6840,-4581,564,242.2866094,27
29312,06:32.8,0 days 01:20:46.517000,10,299.0052778,0 days 00:00:05.167000,11448,175,3,100,FALSE,car,0.076937793,OnTrack,-6736.787732,-4571.520453,572.4321909,253.1754983,27
29313,06:32.9,0 days 01:20:46.633000,10,298.8441667,0 days 00:00:05.283000,11383.37143,178.7285714,3,100,FALSE,pos,0.078726101,OnTrack,-6681,-4566,577,258.9345301,27
29314,06:33.1,0 days 01:20:46.797000,10,298.6163889,0 days 00:00:05.447000,11292,184,4,100,FALSE,car,0.081298971,OnTrack,-6599.25631,-4557.046958,583.3572656,267.3167523,27
29315,06:33.1,0 days 01:20:46.813000,10,298.5719444,0 days 00:00:05.463000,11314.76152,184.5355653,4,100,FALSE,pos,0.081553998,OnTrack,-6591,-4556,584,268.1369104,27
29316,06:33.3,0 days 01:20:47.036000,10,297.9525,0 days 00:00:05.686000,11632,192,4,100,FALSE,car,0.085183398,OnTrack,-6472.299024,-4537.922658,593.5208401,280.0302437,27
29317,06:33.4,0 days 01:20:47.093000,10,297.6833324,0 days 00:00:05.743000,11444.37437,193.7416725,4,100,FALSE,pos,0.086133451,OnTrack,-6444,-4533,596,283.0978202,27
29318,06:33.6,0 days 01:20:47.253000,10,296.9277769,0 days 00:00:05.903000,10917.7077,198.6305614,4,100,FALSE,pos,0.088850235,OnTrack,-6358,-4516,604,291.9258451,27
29319,06:33.7,0 days 01:20:47.396000,10,296.2525,0 days 00:00:06.046000,10447,203,5,100,FALSE,car,0.091369634,OnTrack,-6216.458887,-4483.834155,616.5312006,299.9894562,27
29320,06:33.7,0 days 01:20:47.413000,10,296.0966649,0 days 00:00:06.063000,10471.22527,203.8500096,5,100,FALSE,pos,0.09167575,OnTrack,-6200,-4480,618,300.9520813,27
29321,06:34.0,0 days 01:20:47.716000,10,293.3191667,0 days 00:00:06.366000,10903,219,5,100,FALSE,car,0.097301919,OnTrack,-5996.349569,-4429.975662,637.0845555,319.3845813,27
29322,06:34.1,0 days 01:20:47.813000,10,292.2683313,0 days 00:00:06.463000,11059.23959,220.0392878,5,100,FALSE,pos,0.099115059,OnTrack,-5953,-4419,641,325.3134176,27
29323,06:34.3,0 days 01:20:47.996000,10,290.2858333,0 days 00:00:06.646000,11354,222,5,100,FALSE,car,0.102563775,OnTrack,-5889.133928,-4403.165333,645.991699,336.5984176,27
29324,06:34.5,0 days 01:20:48.173000,10,287.532497,0 days 00:00:06.823000,10818.02129,226.9781304,5,100,FALSE,pos,0.105999557,OnTrack,-5819,-4386,652,347.7581757,27
29325,06:34.6,0 days 01:20:48.316000,10,285.3080556,0 days 00:00:06.966000,10385,231,5,100,FALSE,car,0.108821117,OnTrack,-5735.030265,-4365.305566,660.5929834,356.9340091,27
29326,06:34.8,0 days 01:20:48.473000,10,282.4733299,0 days 00:00:07.123000,10491.6293,234.2708373,5,100,FALSE,pos,0.111943117,OnTrack,-5631,-4339,671,367.1508206,27
29327,06:34.9,0 days 01:20:48.556000,10,280.9747222,0 days 00:00:07.206000,10548,236,6,100,FALSE,car,0.113615703,OnTrack,-5578.496479,-4325.163841,675.5878333,372.5919317,27
29328,06:34.9,0 days 01:20:48.633000,10,279.3063847,0 days 00:00:07.283000,10635.58772,238.2458389,6,100,FALSE,pos,0.115185827,OnTrack,-5529,-4312,680,377.6877455,27
29329,06:35.1,0 days 01:20:48.796000,10,275.7747222,0 days 00:00:07.446000,10821,243,6,100,FALSE,car,0.118552502,OnTrack,-5415.951521,-4282.476124,691.5013475,388.6902455,27
29330,06:35.1,0 days 01:20:48.833000,10,274.8394396,0 days 00:00:07.483000,10845.74388,243.4625024,6,100,FALSE,pos,0.119320218,OnTrack,-5390,-4276,694,391.192499,27
29331,06:35.4,0 days 01:20:49.116000,10,267.6858333,0 days 00:00:07.766000,11035,247,6,100,FALSE,car,0.125243253,OnTrack,-5195.623666,-4233.42628,710.0513061,410.6094434,27
29332,06:35.5,0 days 01:20:49.173000,10,266.1024947,0 days 00:00:07.823000,11066.92011,248.4250048,6,100,FALSE,pos,0.126453044,OnTrack,-5157,-4227,714,414.5428393,27
29333,06:35.5,0 days 01:20:49.213000,10,264.9913836,0 days 00:00:07.863000,11089.32011,249.4250048,6,100,FALSE,pos,0.127305713,OnTrack,-5130,-4223,717,417.3142283,27
29334,06:35.6,0 days 01:20:49.316000,10,262.1302778,0 days 00:00:07.966000,11147,252,6,100,FALSE,car,0.129509622,OnTrack,-5061.992352,-4214.892534,723.7125592,424.5242283,27
29335,06:35.7,0 days 01:20:49.414000,10,259.2447185,0 days 00:00:08.064000,11223.4401,252.9800013,6,100,FALSE,pos,0.131614015,OnTrack,-4992,-4208,730,431.4109061,27
29336,06:35.8,0 days 01:20:49.516000,10,256.2413889,0 days 00:00:08.166000,11303,254,6,100,FALSE,car,0.133809852,OnTrack,-4906.32848,-4199.563723,737.8903062,438.6075727,27
29337,06:36.0,0 days 01:20:49.676000,10,251.3969444,0 days 00:00:08.326000,11391,255,6,100,FALSE,car,0.137263579,OnTrack,-4756.332408,-4184.052207,752.0006899,449.9409061,27
29338,06:36.1,0 days 01:20:49.774000,10,248.2663848,0 days 00:00:08.424000,11436.93756,256.2250016,6,100,FALSE,pos,0.139391448,OnTrack,-4683,-4174,759,456.91592,27
29339,06:36.1,0 days 01:20:49.836000,10,246.2858333,0 days 00:00:08.486000,11466,257,6,100,FALSE,car,0.140744395,OnTrack,-4646.215564,-4167.492851,762.5587676,461.3420311,27
29340,06:36.4,0 days 01:20:50.074000,10,238.1541623,0 days 00:00:08.724000,11653.75566,259.6444459,6,100,FALSE,pos,0.145990981,OnTrack,-4535,-4133,773,478.5074139,27
29341,06:36.5,0 days 01:20:50.196000,10,233.9858333,0 days 00:00:08.846000,11750,261,6,100,FALSE,car,0.148698127,OnTrack,-4452.876536,-4100.238142,779.804711,487.3524139,27
29342,06:36.5,0 days 01:20:50.234000,10,232.6452733,0 days 00:00:08.884000,11749.525,261.4750016,6,100,FALSE,pos,0.149542438,OnTrack,-4427,-4089,782,490.1124278,27
29343,06:36.7,0 days 01:20:50.356000,10,228.3413889,0 days 00:00:09.006000,11748,263,6,100,FALSE,car,0.152260207,OnTrack,-4349.859382,-4051.701024,788.9590344,499.0252056,27
29344,06:36.8,0 days 01:20:50.514000,10,222.5480509,0 days 00:00:09.164000,11799.35004,264.6928585,6,100,FALSE,pos,0.15581113,OnTrack,-4239,-3995,799,510.6422811,27
29345,06:36.9,0 days 01:20:50.636000,10,218.0747222,0 days 00:00:09.286000,11839,266,6,100,FALSE,car,0.158564952,OnTrack,-4121.557216,-3939.33902,808.7255668,519.6567255,27
29346,06:37.1,0 days 01:20:50.813000,10,211.437215,0 days 00:00:09.463000,11965.11264,266.7375008,6,100,FALSE,pos,0.162563236,OnTrack,-3956,-3864,822,532.7713193,27
29347,06:37.2,0 days 01:20:50.876000,10,209.0747222,0 days 00:00:09.526000,12010,267,6,100,FALSE,car,0.163989336,OnTrack,-3919.151496,-3847.795631,825.0028966,537.4438193,27
29348,06:37.4,0 days 01:20:51.076000,10,201.4080556,0 days 00:00:09.726000,11963,268,6,100,FALSE,car,0.168526586,OnTrack,-3849.565897,-3823.091222,830.6068037,552.3327082,27
29349,06:37.4,0 days 01:20:51.133000,10,199.2072148,0 days 00:00:09.783000,11962.145,268,6,100,FALSE,pos,0.169818269,OnTrack,-3816,-3814,833,556.5760415,27
29350,06:37.6,0 days 01:20:51.276000,10,193.6858333,0 days 00:00:09.926000,11960,268,6,100,FALSE,car,0.173063836,OnTrack,-3689.353249,-3781.678558,841.6546109,567.2215971,27
29351,06:37.7,0 days 01:20:51.413000,10,188.2819369,0 days 00:00:10.063000,11998.36005,270.0550029,6,100,FALSE,pos,0.176203233,OnTrack,-3555,-3751,850,577.4986902,27
29352,06:37.8,0 days 01:20:51.476000,10,185.7969444,0 days 00:00:10.126000,12016,271,6,100,FALSE,car,0.177651877,OnTrack,-3502.776524,-3741.098618,852.7518538,582.2411902,27
29353,06:38.0,0 days 01:20:51.673000,10,177.971659,0 days 00:00:10.323000,12109.02787,271.5472228,6,100,FALSE,pos,0.18218841,OnTrack,-3363,-3722,858,597.1008577,27
29354,06:38.1,0 days 01:20:51.836000,10,171.4969444,0 days 00:00:10.486000,12186,272,6,100,FALSE,car,0.185940823,OnTrack,-3241.997762,-3708.757978,860.7233084,609.4164133,27
29355,06:38.3,0 days 01:20:52.033000,10,163.8905481,0 days 00:00:10.683000,11907.46362,269.811109,6,45.27772444,FALSE,pos,0.190464737,OnTrack,-3093,-3691,862,624.1810767,27
29356,06:38.5,0 days 01:20:52.196000,10,157.5969444,0 days 00:00:10.846000,11677,268,6,0,TRUE,car,0.194107873,OnTrack,-2975.516173,-3671.569032,861.2207515,636.3155212,27
29357,06:38.6,0 days 01:20:52.253000,10,155.6811047,0 days 00:00:10.903000,11737.8002,263.249984,6,0,TRUE,pos,0.195344062,OnTrack,-2937,-3664,861,640.4836459,27
29358,06:38.7,0 days 01:20:52.353000,10,152.3199935,0 days 00:00:11.003000,11844.46687,254.9166507,6,0,TRUE,pos,0.197462233,OnTrack,-2870,-3648,861,647.564664,27
29359,06:38.7,0 days 01:20:52.436000,10,149.5302778,0 days 00:00:11.086000,11933,248,6,0,TRUE,car,0.199146252,OnTrack,-2799.770558,-3623.876028,861.4473128,653.2824418,27
29360,06:38.9,0 days 01:20:52.613000,10,144.8102727,0 days 00:00:11.263000,11436.76732,230.9321243,6,0.632143543,TRUE,pos,0.202496713,OnTrack,-2643,-3558,863,664.6366045,27
29361,06:39.0,0 days 01:20:52.716000,10,142.0636111,0 days 00:00:11.366000,11148,221,5,1,TRUE,car,0.204384406,OnTrack,-2593.767012,-3533.96106,863.4765704,670.9596601,27
29362,06:39.2,0 days 01:20:52.933000,10,136.6988878,0 days 00:00:11.583000,11714.05349,215.594305,5,1.772242149,TRUE,pos,0.208342635,OnTrack,-2542,-3494,864,683.9552057,27
29363,06:39.3,0 days 01:20:52.997000,10,135.1166667,0 days 00:00:11.647000,11881,214,5,2,TRUE,car,0.20947476,OnTrack,-2516.790034,-3473.613158,864.311645,687.7596502,27
29364,06:39.4,0 days 01:20:53.113000,10,132.6677778,0 days 00:00:11.763000,11640.3,208.925,5,2.483333333,TRUE,pos,0.211466464,OnTrack,-2464,-3428,865,694.4916779,27
29365,06:39.8,0 days 01:20:53.473000,10,125.0677778,0 days 00:00:12.123000,10893.3,193.175,5,3.983333333,TRUE,pos,0.217254308,OnTrack,-2335,-3262,867,713.8091779,27
29366,06:39.8,0 days 01:20:53.477000,10,124.9833333,0 days 00:00:12.127000,10885,193,4,4,TRUE,car,0.217316753,OnTrack,-2334.001434,-3260.318351,867.0204302,714.0236224,27
29367,06:40.1,0 days 01:20:53.756000,10,119.6358333,0 days 00:00:12.406000,11615,181,4,3,TRUE,car,0.221591503,OnTrack,-2287.559182,-3150.196122,868.5230192,728.0511224,27
29368,06:40.1,0 days 01:20:53.813000,10,118.5908298,0 days 00:00:12.463000,11697.93528,179.5749952,4,3.57000192,TRUE,pos,0.222447109,OnTrack,-2281,-3121,869,730.8943931,27
29369,06:40.3,0 days 01:20:53.956000,10,115.9691667,0 days 00:00:12.606000,11906,176,3,5,FALSE,car,0.22457119,OnTrack,-2266.742852,-3030.957494,870.5721387,737.8855042,27
29370,06:40.4,0 days 01:20:54.093000,10,113.5716633,0 days 00:00:12.743000,11748.02165,173.859372,3,10.5656328,FALSE,pos,0.226583015,OnTrack,-2260,-2944,872,744.5018192,27
29371,06:40.6,0 days 01:20:54.276000,10,110.3691667,0 days 00:00:12.926000,11537,171,3,18,FALSE,car,0.229203248,OnTrack,-2265.986942,-2855.568464,872.9588882,753.1943192,27
29372,06:40.6,0 days 01:20:54.293000,10,110.1047192,0 days 00:00:12.943000,11519.99981,170.2916587,3,18.77917547,FALSE,pos,0.229440393,OnTrack,-2267,-2848,873,753.9984743,27
29373,06:40.8,0 days 01:20:54.453000,10,107.6158303,0 days 00:00:13.103000,11359.99981,163.624992,3,26.1125088,FALSE,pos,0.231624698,OnTrack,-2281,-2774,874,761.2706962,27
29374,06:40.8,0 days 01:20:54.516000,10,106.6358333,0 days 00:00:13.166000,11297,161,3,29,FALSE,car,0.232474131,OnTrack,-2291.606414,-2737.542471,875.9850272,764.0881962,27
29375,06:41.0,0 days 01:20:54.693000,10,103.9808305,0 days 00:00:13.343000,11227.18326,159.5249984,3,34.9000064,FALSE,pos,0.23484835,OnTrack,-2330,-2629,884,771.9315086,27
29376,06:41.2,0 days 01:20:54.876000,10,101.2358333,0 days 00:00:13.526000,11155,158,3,41,FALSE,car,0.237289034,OnTrack,-2356.69512,-2567.145482,886.1665935,779.9631752,27
29377,06:41.3,0 days 01:20:55.036000,10,98.96916667,0 days 00:00:13.686000,11222,157,3,47,FALSE,car,0.239415446,OnTrack,-2378.940927,-2529.700813,885.123696,786.940953,27
29378,06:41.4,0 days 01:20:55.073000,10,98.44499728,0 days 00:00:13.723000,11231.80505,157,3,47.55500288,FALSE,pos,0.239906032,OnTrack,-2386,-2518,885,788.5545641,27
29379,06:41.5,0 days 01:20:55.233000,10,96.17833061,0 days 00:00:13.883000,11274.20505,157,3,49.95500288,FALSE,pos,0.242033182,OnTrack,-2423,-2458,885,795.5323419,27
29380,06:41.5,0 days 01:20:55.236000,10,96.13583333,0 days 00:00:13.886000,11275,157,3,50,FALSE,car,0.242073462,OnTrack,-2423.717047,-2456.889885,885.00918,795.6631752,27
29381,06:41.8,0 days 01:20:55.453000,10,92.94110828,0 days 00:00:14.103000,11443.17515,160.1000027,3,56.20000549,FALSE,pos,0.245027894,OnTrack,-2480,-2378,886,805.3136476,27
29382,06:41.8,0 days 01:20:55.516000,10,92.01361111,0 days 00:00:14.166000,11492,161,3,58,FALSE,car,0.245889493,OnTrack,-2502.432186,-2349.91373,885.9138242,808.1311476,27
29383,06:42.0,0 days 01:20:55.676000,10,89.61361111,0 days 00:00:14.326000,11701,162,3,67,FALSE,car,0.248083626,OnTrack,-2566.767648,-2272.675892,885.0749627,815.3311476,27
29384,06:42.0,0 days 01:20:55.713000,10,89.05860823,0 days 00:00:14.363000,11619.44541,162.6166699,3,58.82912427,FALSE,pos,0.248600159,OnTrack,-2579,-2258,885,817.0024856,27
29385,06:42.2,0 days 01:20:55.916000,10,86.01361111,0 days 00:00:14.566000,11172,166,3,14,TRUE,car,0.251456089,OnTrack,-2623.392926,-2203.751403,885.6857206,826.3630412,27
29386,06:42.3,0 days 01:20:56.034000,10,84.7680542,0 days 00:00:14.684000,11009.74982,162.4599962,3,9.86999552,TRUE,pos,0.253044329,OnTrack,-2648,-2171,886,831.6881188,27
29387,06:42.5,0 days 01:20:56.154000,10,83.50138754,0 days 00:00:14.804000,10844.74982,158.8599962,3,5.66999552,TRUE,pos,0.254596757,OnTrack,-2679,-2127,886,836.983452,27
29388,06:42.6,0 days 01:20:56.316000,10,81.79138889,0 days 00:00:14.966000,10622,154,3,0,FALSE,car,0.256670541,OnTrack,-2713.194791,-2065.986733,887.7809186,843.913452,27
29389,06:42.8,0 days 01:20:56.454000,10,80.44972098,0 days 00:00:15.104000,10479.68737,151.4124976,3,0,FALSE,pos,0.258435111,OnTrack,-2734,-2016,890,849.7175978,27
29390,06:42.8,0 days 01:20:56.476000,10,80.23583333,0 days 00:00:15.126000,10457,151,3,0,FALSE,car,0.258715689,OnTrack,-2736.666275,-2008.311119,890.3249169,850.6403756,27
29391,06:43.0,0 days 01:20:56.674000,10,78.31083209,0 days 00:00:15.324000,10111.20692,149.5857134,3,0,FALSE,pos,0.261226,OnTrack,-2749,-1931,893,858.8675898,27
29392,06:43.1,0 days 01:20:56.756000,10,77.51361111,0 days 00:00:15.406000,9968,149,3,0,FALSE,car,0.262247295,OnTrack,-2743.966556,-1881.912183,894.0956753,862.2614787,27
29393,06:43.2,0 days 01:20:56.916000,10,76.13583333,0 days 00:00:15.566000,10013,144,3,6,FALSE,car,0.264197635,OnTrack,-2723.838684,-1779.066261,895.8848021,868.6614787,27
29394,06:43.2,0 days 01:20:56.934000,10,76.00083237,0 days 00:00:15.584000,10016.99378,143.718748,3,7.8562632,FALSE,pos,0.264413368,OnTrack,-2722,-1771,896,869.3800724,27
29395,06:43.5,0 days 01:20:57.233000,10,73.75833189,0 days 00:00:15.883000,10083.33442,139.046872,3,38.6906448,FALSE,pos,0.267927497,OnTrack,-2698,-1712,895,880.9286876,27
29396,06:43.5,0 days 01:20:57.236000,10,73.73583333,0 days 00:00:15.886000,10084,139,3,39,FALSE,car,0.267962875,OnTrack,-2697.587332,-1711.180084,894.9592504,881.044521,27
29397,06:43.7,0 days 01:20:57.393000,10,72.47110956,0 days 00:00:16.043000,10213.52516,140.3083349,3,46.8500096,FALSE,pos,0.269827688,OnTrack,-2670,-1655,892,887.1635233,27
29398,06:43.8,0 days 01:20:57.476000,10,71.8025,0 days 00:00:16.126000,10282,141,3,51,FALSE,car,0.270827438,OnTrack,-2654.124262,-1625.028546,889.8959072,890.4143567,27
29399,06:43.9,0 days 01:20:57.633000,10,70.05805342,0 days 00:00:16.283000,10480.21274,143.7475034,3,57.28000768,FALSE,pos,0.272749211,OnTrack,-2622,-1571,885,896.683345,27
29400,06:44.2,0 days 01:20:57.876000,10,67.35805556,0 days 00:00:16.526000,10787,148,3,67,FALSE,car,0.275838729,OnTrack,-2563.92501,-1488.851126,875.7932524,906.673345,27
29401,06:44.2,0 days 01:20:57.933000,10,66.51888606,0 days 00:00:16.583000,10836.87517,151.562512,3,67,FALSE,pos,0.276592327,OnTrack,-2552,-1473,874,909.0730848,27
29402,06:44.3,0 days 01:20:58.036000,10,65.0025,0 days 00:00:16.686000,10927,158,3,67,FALSE,car,0.277978686,OnTrack,-2533.669344,-1449.236987,871.4344901,913.5936403,27
29403,06:44.6,0 days 01:20:58.273000,10,60.52582971,0 days 00:00:16.923000,11857.22575,164.5833387,3,88.7250176,FALSE,pos,0.281269983,OnTrack,-2495,-1403,867,924.4287101,27
29404,06:44.7,0 days 01:20:58.396000,10,58.2025,0 days 00:00:17.046000,12340,168,3,100,FALSE,car,0.283098329,OnTrack,-2465.831637,-1369.732151,863.8536632,930.1687101,27
29405,06:45.5,0 days 01:20:59.213000,10,29.38055454,0 days 00:00:17.863000,11552.75544,204.556713,3,100,FALSE,pos,0.297599719,OnTrack,-2175,-1029,832,976.5917197,27
29406,06:45.7,0 days 01:20:59.357000,10,24.30055556,0 days 00:00:18.007000,11414,211,4,100,FALSE,car,0.300262932,OnTrack,-2133.494066,-969.2841454,826.6030669,985.0317197,27
29407,06:45.8,0 days 01:20:59.493000,10,19.125,0 days 00:00:18.143000,11110.55,216.95,4,100,FALSE,pos,0.302768828,OnTrack,-2093,-909,821,993.2276086,27
29408,06:45.8,0 days 01:20:59.517000,10,18.21166667,0 days 00:00:18.167000,11057,218,5,100,FALSE,car,0.30321553,OnTrack,-2085.147627,-897.4321855,819.8904304,994.680942,27
29409,06:46.0,0 days 01:20:59.673000,10,12.015,0 days 00:00:18.323000,11375.825,221.9,5,100,FALSE,pos,0.306147823,OnTrack,-2030,-817,812,1004.296609,27
29410,06:46.0,0 days 01:20:59.677000,10,11.85611111,0 days 00:00:18.327000,11384,222,5,100,TRUE,car,0.306222305,OnTrack,-2028.537242,-814.8841596,811.7909245,1004.543275,27
29411,06:46.2,0 days 01:20:59.917000,10,2.789444444,0 days 00:00:18.567000,10363,212,5,3,TRUE,car,0.310529307,OnTrack,-1938.865439,-687.2982531,799.2581101,1018.676609,27
29412,06:46.3,0 days 01:20:59.993000,10,154.0083333,0 days 00:00:18.643000,10546.16,203.64,5,1.86,TRUE,pos,0.311790815,OnTrack,-1912,-651,796,1022.975675,27
29413,06:46.4,0 days 01:21:00.117000,63,400.7338889,0 days 00:00:18.767000,10845,190,5,0,TRUE,car,0.313746014,OnTrack,-1871.139627,-598.3586231,791.7759909,1029.52012,27
29414,06:46.5,0 days 01:21:00.173000,63,400.5316667,0 days 00:00:18.823000,10895.4,186.2,5,0,TRUE,pos,0.314595845,OnTrack,-1854,-576,790,1032.416564,27
29415,06:46.5,0 days 01:21:00.233000,63,400.315,0 days 00:00:18.883000,10949.4,182.1285714,5,0,TRUE,pos,0.315483755,OnTrack,-1836,-552,788,1035.45204,27
29416,06:46.7,0 days 01:21:00.397000,63,399.7227778,0 days 00:00:19.047000,11097,171,4,0,TRUE,car,0.317799065,OnTrack,-1769.460088,-470.2271455,780.1997525,1043.24204,27
29417,06:46.9,0 days 01:21:00.553000,63,400.1127782,0 days 00:00:19.203000,10727.11276,154.3207346,4,0,TRUE,pos,0.319835428,OnTrack,-1709,-399,773,1049.929272,27
29418,06:46.9,0 days 01:21:00.556000,63,400.1202778,0 days 00:00:19.206000,10720,154,3,0,TRUE,car,0.319871809,OnTrack,-1708.124745,-397.9693071,772.8964177,1050.057606,27
29419,06:47.0,0 days 01:21:00.716000,63,401.7202778,0 days 00:00:19.366000,11462,132,2,0,TRUE,car,0.321659621,OnTrack,-1677.154121,-361.530016,769.2780765,1055.924272,27
29420,06:47.2,0 days 01:21:00.916000,63,405.3869444,0 days 00:00:19.566000,10494,118,2,0,TRUE,car,0.323657366,OnTrack,-1654.926035,-337.0971671,767.2402227,1062.479828,27
29421,06:47.2,0 days 01:21:00.933000,63,405.8638943,0 days 00:00:19.583000,10523.79284,117.2349914,2,0,TRUE,pos,0.323816299,OnTrack,-1652,-334,767,1063.033437,27
29422,06:47.5,0 days 01:21:01.173000,63,412.5972276,0 days 00:00:19.823000,10944.39284,106.4349914,2,0,TRUE,pos,0.325884302,OnTrack,-1599,-279,762,1070.129104,27
29423,06:47.6,0 days 01:21:01.316000,63,416.6091667,0 days 00:00:19.966000,11195,100,1,0,TRUE,car,0.327043373,OnTrack,-1571.087996,-251.6107548,756.8624038,1074.101326,27
29424,06:47.7,0 days 01:21:01.373000,63,418.4933397,0 days 00:00:20.023000,11013.49001,98.7531208,1,0,TRUE,pos,0.327500952,OnTrack,-1557,-241,755,1075.664917,27
29425,06:47.9,0 days 01:21:01.613000,63,426.426673,0 days 00:00:20.263000,10249.24001,93.5031208,1,0,TRUE,pos,0.329387458,OnTrack,-1475,-199,750,1081.898458,27
29426,06:47.9,0 days 01:21:01.636000,63,427.1869444,0 days 00:00:20.286000,10176,93,1,0,TRUE,car,0.329562563,OnTrack,-1468.074529,-196.7926845,749.5846212,1082.492625,27
29427,06:48.3,0 days 01:21:01.956000,63,439.2758333,0 days 00:00:20.606000,9316,86,1,0,TRUE,car,0.331892136,OnTrack,-1402.170467,-201.8145013,743.6904208,1090.137069,27
29428,06:48.3,0 days 01:21:01.993000,63,440.817508,0 days 00:00:20.643000,9265.785454,85.33928229,1,0,TRUE,pos,0.332151085,OnTrack,-1396,-204,743,1091.014168,27
29429,06:48.5,0 days 01:21:02.236000,63,450.9425,0 days 00:00:20.886000,8936,81,1,0,FALSE,car,0.333812002,OnTrack,-1357.77884,-220.4036021,738.4346938,1096.481668,27
29430,06:48.7,0 days 01:21:02.433000,63,459.8622309,0 days 00:00:21.083000,8682.138389,79.65681687,1,3.134093964,FALSE,pos,0.335131473,OnTrack,-1327,-239,735,1100.840666,27
29431,06:49.0,0 days 01:21:02.674000,63,470.7741725,0 days 00:00:21.324000,8371.577108,78.01363549,1,6.968183855,FALSE,pos,0.336704405,OnTrack,-1287,-274,731,1106.063245,27
29432,06:49.0,0 days 01:21:02.676000,63,470.8647222,0 days 00:00:21.326000,8369,78,1,7,FALSE,car,0.336717196,OnTrack,-1286.661129,-274.4096442,730.9587886,1106.106578,27
29433,06:49.1,0 days 01:21:02.836000,63,478.4202778,0 days 00:00:21.486000,9026,75,1,18,FALSE,car,0.337732999,OnTrack,-1260.449966,-312.0767452,727.3460313,1109.439912,27
29434,06:49.2,0 days 01:21:02.854000,63,479.2802839,0 days 00:00:21.504000,9053.810198,75.18000128,1,19.17000832,FALSE,pos,0.337848058,OnTrack,-1258,-316,727,1109.815812,27
29435,06:49.3,0 days 01:21:03.036000,63,487.9758333,0 days 00:00:21.686000,9335,77,1,31,FALSE,car,0.339036611,OnTrack,-1241.162044,-346.7202111,724.7691075,1113.708589,27
29436,06:49.6,0 days 01:21:03.276000,63,499.2425,0 days 00:00:21.926000,10256,83,1,45,FALSE,car,0.340722843,OnTrack,-1228.357199,-389.8484308,722.3531234,1119.241923,27
29437,06:49.6,0 days 01:21:03.294000,63,500.0775059,0 days 00:00:21.944000,10308.87538,83.562504,1,45.3375024,FALSE,pos,0.340854462,OnTrack,-1227,-395,722,1119.659735,27
29438,06:49.7,0 days 01:21:03.436000,63,506.6647222,0 days 00:00:22.086000,10726,88,1,48,FALSE,car,0.341914718,OnTrack,-1214.561491,-443.8015049,718.4422291,1123.130846,27
29439,06:49.8,0 days 01:21:03.494000,63,509.3713949,0 days 00:00:22.144000,10881.51284,89.0875024,1,51.625008,FALSE,pos,0.342356742,OnTrack,-1210,-462,717,1124.566145,27
29440,06:49.9,0 days 01:21:03.596000,63,514.1313889,0 days 00:00:22.246000,11155,91,1,58,FALSE,car,0.343147225,OnTrack,-1203.927353,-486.4369032,714.8310218,1127.144478,27
29441,06:50.1,0 days 01:21:03.796000,63,523.2980556,0 days 00:00:22.446000,12332,96,1,67,FALSE,car,0.344772508,OnTrack,-1195.023044,-521.2500606,711.3192548,1132.477812,27
29442,06:50.1,0 days 01:21:03.813000,63,524.0063969,0 days 00:00:22.463000,12287.05574,96.9562608,1,67.4250048,FALSE,pos,0.344919654,OnTrack,-1194,-525,711,1132.935661,27
29443,06:50.4,0 days 01:21:04.113000,63,536.5063969,0 days 00:00:22.763000,11493.93074,113.8312608,1,74.9250048,FALSE,pos,0.347827796,OnTrack,-1169,-611,704,1142.421599,27
29444,06:50.4,0 days 01:21:04.116000,63,536.6313889,0 days 00:00:22.766000,11486,114,1,75,FALSE,car,0.347860547,OnTrack,-1168.713167,-611.9269359,703.9042226,1142.516599,27
29445,06:50.5,0 days 01:21:04.173000,63,538.6105622,0 days 00:00:22.823000,11620.37795,118.1325139,1,76.4250048,FALSE,pos,0.348497809,OnTrack,-1163,-630,702,1144.387031,27
29446,06:50.8,0 days 01:21:04.493000,63,549.7216733,0 days 00:00:23.143000,12374.77795,141.3325139,1,84.4250048,FALSE,pos,0.352422827,OnTrack,-1113,-767,692,1156.949921,27
29447,06:50.8,0 days 01:21:04.516000,63,550.5202778,0 days 00:00:23.166000,12429,143,2,85,FALSE,car,0.352702538,OnTrack,-1109.563626,-775.6871697,691.3892863,1157.863532,27
29448,06:51.0,0 days 01:21:04.676000,63,556.0758333,0 days 00:00:23.326000,13040,143,2,83,TRUE,car,0.354639334,OnTrack,-1088.400128,-826.1792761,687.623383,1164.219087,27
29449,06:51.2,0 days 01:21:04.876000,63,562.7980556,0 days 00:00:23.526000,11967,150,2,0,TRUE,car,0.35717884,OnTrack,-1061.316144,-880.4408349,683.0196214,1172.552421,27
29450,06:51.2,0 days 01:21:04.913000,63,564.3088967,0 days 00:00:23.563000,11722.64457,146.2999808,2,0,TRUE,pos,0.357613876,OnTrack,-1055,-892,682,1174.056059,27
29451,06:51.4,0 days 01:21:05.116000,63,572.5980556,0 days 00:00:23.766000,10382,126,2,0,TRUE,car,0.359738661,OnTrack,-1017.331237,-957.1188551,676.2869579,1181.161059,27
29452,06:51.4,0 days 01:21:05.133000,63,573.410287,0 days 00:00:23.783000,10262.99866,124.6035557,2,0,TRUE,pos,0.359900553,OnTrack,-1015,-961,676,1181.749465,27
29453,06:51.7,0 days 01:21:05.353000,63,583.9213981,0 days 00:00:24.003000,8722.998656,106.5321271,2,0,TRUE,pos,0.361820614,OnTrack,-998,-987,675,1188.259762,27
29454,06:51.7,0 days 01:21:05.396000,63,585.9758333,0 days 00:00:24.046000,8422,103,2,0,TRUE,car,0.362179973,OnTrack,-994.643644,-991.7122691,674.6986072,1189.49004,27
29455,06:51.9,0 days 01:21:05.596000,63,596.0869444,0 days 00:00:24.246000,8042,95,2,0,TRUE,car,0.363788326,OnTrack,-974.3406266,-1019.574505,671.8651157,1194.767817,27
29456,06:52.0,0 days 01:21:05.733000,63,603.812233,0 days 00:00:24.383000,8100.795916,84.15415147,2,0,TRUE,pos,0.364714407,OnTrack,-957,-1041,670,1197.97035,27
29457,06:52.1,0 days 01:21:05.836000,63,609.6202778,0 days 00:00:24.486000,8145,76,1,0,TRUE,car,0.365332346,OnTrack,-942.4081681,-1057.44649,669.0344802,1200.144795,27
29458,06:52.2,0 days 01:21:05.933000,63,615.4672298,0 days 00:00:24.583000,7924.074447,71.5124497,1,0,TRUE,pos,0.365871412,OnTrack,-928,-1072,668,1202.071658,27
29459,06:52.4,0 days 01:21:06.113000,63,626.3172224,0 days 00:00:24.763000,7514.110314,63.18505325,1,0,TRUE,pos,0.366809879,OnTrack,-901,-1094,665,1205.230911,27
29460,06:52.4,0 days 01:21:06.117000,63,626.5583333,0 days 00:00:24.767000,7505,63,1,0,TRUE,car,0.366830908,OnTrack,-900.4017882,-1094.431658,664.9376879,1205.300911,27
29461,06:52.7,0 days 01:21:06.353000,63,641.0461111,0 days 00:00:25.003000,6752.0125,62.2625,1,0,TRUE,pos,0.368083726,OnTrack,-865,-1116,662,1209.382563,27
29462,06:52.7,0 days 01:21:06.437000,63,646.2027778,0 days 00:00:25.087000,6484,62,1,0,TRUE,car,0.368510367,OnTrack,-851.8981638,-1121.800537,661.0498757,1210.82923,27
29463,06:52.8,0 days 01:21:06.533000,63,652.3627778,0 days 00:00:25.183000,6285.333333,59.86666667,1,0,TRUE,pos,0.368975807,OnTrack,-837,-1127,660,1212.425675,27
29464,06:53.1,0 days 01:21:06.753000,63,666.4794444,0 days 00:00:25.403000,5830.055556,54.97777778,1,0,TRUE,pos,0.369965899,OnTrack,-805,-1132,658,1215.785428,27
29465,06:53.1,0 days 01:21:06.797000,63,669.3027778,0 days 00:00:25.447000,5739,54,1,0,TRUE,car,0.370155967,OnTrack,-798.7312133,-1131.743194,657.7524281,1216.445428,27
29466,06:53.3,0 days 01:21:07.013000,63,683.5227778,0 days 00:00:25.663000,5197.457143,50.14285714,1,0,TRUE,pos,0.371057136,OnTrack,-770,-1125,657,1219.453999,27
29467,06:53.4,0 days 01:21:07.077000,63,687.7361111,0 days 00:00:25.727000,5037,49,1,0,FALSE,car,0.371317368,OnTrack,-763.227166,-1121.716446,656.6728497,1220.32511,27
29468,06:53.5,0 days 01:21:07.193000,63,695.4050053,0 days 00:00:25.843000,4920.168378,48.16845821,1,0.415770895,FALSE,pos,0.371783374,OnTrack,-752,-1111,656,1221.877205,27
29469,06:53.7,0 days 01:21:07.356000,63,706.1811111,0 days 00:00:26.006000,4756,47,1,1,FALSE,car,0.372427386,OnTrack,-735.5420519,-1078.134376,655.1937013,1224.005261,27
29470,06:53.7,0 days 01:21:07.393000,63,708.5758458,0 days 00:00:26.043000,4742.433263,46.84583253,1,1.616669867,FALSE,pos,0.372572138,OnTrack,-733,-1072,655,1224.486732,27
29471,06:53.9,0 days 01:21:07.596000,63,721.7144444,0 days 00:00:26.246000,4668,46,1,5,FALSE,car,0.373361924,OnTrack,-730.2981252,-1058.424976,653.7104999,1227.08062,27
29472,06:54.0,0 days 01:21:07.673000,63,726.0563997,0 days 00:00:26.323000,4740.38018,46,1,5.38500096,FALSE,pos,0.373663915,OnTrack,-731,-1053,653,1228.064509,27
29473,06:54.1,0 days 01:21:07.796000,63,732.9922222,0 days 00:00:26.446000,4856,46,1,6,FALSE,car,0.374140705,OnTrack,-731.8723581,-1037.79223,651.528361,1229.636176,27
29474,06:54.2,0 days 01:21:07.893000,63,738.1386213,0 days 00:00:26.543000,5033.631602,44.7874976,1,7.2125024,FALSE,pos,0.374500814,OnTrack,-733,-1024,650,1230.84295,27
29475,06:54.3,0 days 01:21:07.956000,63,741.4811111,0 days 00:00:26.606000,5149,44,1,8,FALSE,car,0.374736643,OnTrack,-734.1936607,-1015.691854,648.8043352,1231.61295,27
29476,06:54.5,0 days 01:21:08.196000,63,751.5477778,0 days 00:00:26.846000,5559,47,1,9,FALSE,car,0.375691497,OnTrack,-741.6085644,-986.7501527,644.2229391,1234.746284,27
29477,06:54.5,0 days 01:21:08.233000,63,752.8427845,0 days 00:00:26.883000,5659.640522,47.55500288,1,9.18500096,FALSE,pos,0.375843526,OnTrack,-743,-982,644,1235.235043,27
29478,06:54.7,0 days 01:21:08.353000,63,757.0427845,0 days 00:00:27.003000,5986.040522,49.35500288,1,9.78500096,FALSE,pos,0.376347572,OnTrack,-748,-966,644,1236.88021,27
29479,06:54.7,0 days 01:21:08.396000,63,758.5477778,0 days 00:00:27.046000,6103,50,1,10,FALSE,car,0.376537999,OnTrack,-750.1131329,-960.4089344,643.7467279,1237.477432,27
29480,06:54.8,0 days 01:21:08.533000,63,761.5541709,0 days 00:00:27.183000,6467.763011,53.08250432,1,16.16500864,FALSE,pos,0.377185772,OnTrack,-758,-943,642,1239.497517,27
29481,06:55.1,0 days 01:21:08.796000,63,767.3255556,0 days 00:00:27.446000,7168,59,1,28,FALSE,car,0.378535743,OnTrack,-777.5445154,-907.3328673,638.5404169,1243.807794,27
29482,06:55.1,0 days 01:21:08.833000,63,768.0244481,0 days 00:00:27.483000,7302.356947,59.6937536,1,28.9250048,FALSE,pos,0.378726033,OnTrack,-781,-902,638,1244.421313,27
29483,06:55.3,0 days 01:21:08.956000,63,770.3477778,0 days 00:00:27.606000,7749,62,1,32,FALSE,car,0.379375473,OnTrack,-793.8862099,-883.7368422,636.0644293,1246.539647,27
29484,06:55.3,0 days 01:21:09.033000,63,771.2247244,0 days 00:00:27.683000,8060.850778,65.52917547,1,36.17084373,FALSE,pos,0.379821064,OnTrack,-802,-873,635,1247.941243,27
29485,06:55.5,0 days 01:21:09.196000,63,773.0811111,0 days 00:00:27.846000,8721,73,1,45,FALSE,car,0.380858544,OnTrack,-819.8514987,-851.2095606,633.037437,1251.246521,27
29486,06:55.5,0 days 01:21:09.234000,63,773.239445,0 days 00:00:27.884000,8948.430766,74.33000448,1,45.4750016,FALSE,pos,0.381114795,OnTrack,-827,-843,632,1252.031115,27
29487,06:55.7,0 days 01:21:09.434000,63,774.0727783,0 days 00:00:28.084000,10145.43077,81.33000448,1,47.9750016,FALSE,pos,0.382550051,OnTrack,-882,-782,623,1256.549449,27
29488,06:55.9,0 days 01:21:09.596000,63,774.7477778,0 days 00:00:28.246000,11115,87,1,50,FALSE,car,0.383804371,OnTrack,-910.2391092,-755.0455172,619.1967596,1260.464449,27
29489,06:56.0,0 days 01:21:09.654000,63,774.667222,0 days 00:00:28.304000,11098.32496,88.4500032,1,43.95832,FALSE,pos,0.384271481,OnTrack,-922,-743,618,1261.889477,27
29490,06:56.2,0 days 01:21:09.894000,63,774.3338887,0 days 00:00:28.544000,11029.32496,94.4500032,1,18.95832,FALSE,pos,0.386297854,OnTrack,-987,-668,612,1268.186144,27
29491,06:56.4,0 days 01:21:10.076000,63,774.0811111,0 days 00:00:28.726000,10977,99,1,0,FALSE,car,0.387826948,OnTrack,-1003.414178,-644.0145924,609.8585812,1273.191144,27
29492,06:56.5,0 days 01:21:10.174000,63,773.8088885,0 days 00:00:28.824000,10806.72478,97.36666453,1,0,FALSE,pos,0.388627442,OnTrack,-1008,-631,609,1275.841681,27
29493,06:56.6,0 days 01:21:10.316000,63,773.4144444,0 days 00:00:28.966000,10560,95,1,0,TRUE,car,0.389756972,OnTrack,-1018.62732,-598.6170901,607.4391968,1279.588903,27
29494,06:56.8,0 days 01:21:10.453000,63,772.9958327,0 days 00:00:29.103000,10191.38386,92.4312464,1,0,TRUE,pos,0.390809719,OnTrack,-1028,-563,606,1283.106425,27
29495,06:56.9,0 days 01:21:10.636000,63,772.4366667,0 days 00:00:29.286000,9699,89,1,0,TRUE,car,0.392167809,OnTrack,-1030.126069,-521.9577374,604.3626339,1287.630592,27
29496,06:57.0,0 days 01:21:10.693000,63,772.1991659,0 days 00:00:29.343000,9630.314769,87.85999616,1,0,TRUE,pos,0.392582131,OnTrack,-1026,-505,603,1289.021708,27
29497,06:57.1,0 days 01:21:10.836000,63,771.6033333,0 days 00:00:29.486000,9458,85,1,0,FALSE,car,0.393606862,OnTrack,-1005.026091,-450.8063581,597.2824421,1292.398097,27
29498,06:57.2,0 days 01:21:10.873000,63,771.4594437,0 days 00:00:29.523000,9417.916459,84.69166507,1,0.770837333,FALSE,pos,0.393869871,OnTrack,-1000,-439,596,1293.268539,27
29499,06:57.4,0 days 01:21:11.076000,63,770.67,0 days 00:00:29.726000,9198,83,1,5,FALSE,car,0.395293094,OnTrack,-986.6184761,-409.7499179,593.2744867,1297.948817,27
29500,06:57.6,0 days 01:21:11.273000,63,770.068055,0 days 00:00:29.923000,9427.012723,81.35833173,1,14.8500096,FALSE,pos,0.396636898,OnTrack,-959,-389,591,1302.400926,27
29501,06:57.6,0 days 01:21:11.316000,63,769.9366667,0 days 00:00:29.966000,9477,81,1,17,FALSE,car,0.396938694,OnTrack,-946.2740557,-379.1336175,589.7123845,1303.368426,27
29502,06:57.8,0 days 01:21:11.453000,63,769.4419438,0 days 00:00:30.103000,9709.900326,83.74000384,1,27.61751488,FALSE,pos,0.397936572,OnTrack,-901,-344,585,1306.555198,27
29503,06:58.0,0 days 01:21:11.716000,63,768.4922222,0 days 00:00:30.366000,10157,89,1,48,FALSE,car,0.39995224,OnTrack,-872.7897358,-325.4698184,582.1564791,1313.057143,27
29504,06:58.1,0 days 01:21:11.773000,63,768.4288887,0 days 00:00:30.423000,10494.92971,89.81428846,1,50.8500096,FALSE,pos,0.400392089,OnTrack,-864,-321,581,1314.479202,27
29505,06:58.3,0 days 01:21:11.993000,63,768.1844442,0 days 00:00:30.643000,11799.21542,92.9571456,1,61.8500096,FALSE,pos,0.402131647,OnTrack,-802,-289,573,1320.159917,27
29506,06:58.3,0 days 01:21:11.996000,63,768.1811111,0 days 00:00:30.646000,11817,93,1,62,FALSE,car,0.402156531,OnTrack,-800.9865487,-288.5070946,572.8897223,1320.237417,27
29507,06:58.5,0 days 01:21:12.236000,63,767.7144444,0 days 00:00:30.886000,11677,105,1,73,FALSE,car,0.404289716,OnTrack,-711.7880008,-248.6898924,565.3913064,1327.237417,27
29508,06:58.6,0 days 01:21:12.333000,63,767.256388,0 days 00:00:30.983000,11359.32437,112.2750144,1,75.82917227,FALSE,pos,0.405264386,OnTrack,-675,-234,563,1330.262605,27
29509,06:58.8,0 days 01:21:12.476000,63,766.5811111,0 days 00:00:31.126000,10891,123,2,80,FALSE,car,0.406788589,OnTrack,-622.4410467,-214.8551577,560.079741,1335.148438,27
29510,06:58.9,0 days 01:21:12.637000,63,766.1338889,0 days 00:00:31.287000,10648,127,2,30,TRUE,car,0.408519432,OnTrack,-566.9955623,-197.0800413,557.6364511,1340.82816,27
29511,06:59.1,0 days 01:21:12.793000,63,767.0872222,0 days 00:00:31.443000,10628.5,119.2,2,15.375,TRUE,pos,0.410041777,OnTrack,-526,-185,556,1345.993494,27
29512,06:59.3,0 days 01:21:12.957000,63,768.0894444,0 days 00:00:31.607000,10608,111,2,0,TRUE,car,0.411526206,OnTrack,-498.1905433,-178.0163264,555.0222786,1351.05016,27
29513,06:59.4,0 days 01:21:13.093000,63,769.5627778,0 days 00:00:31.743000,11179.2,106.24,2,0,TRUE,pos,0.412730866,OnTrack,-473,-174,554,1355.063671,27
29514,06:59.5,0 days 01:21:13.157000,63,770.2561111,0 days 00:00:31.807000,11448,104,1,0,TRUE,car,0.41328693,OnTrack,-456.7468165,-171.9563961,553.2425808,1356.91256,27
29515,06:59.6,0 days 01:21:13.313000,63,772.5527778,0 days 00:00:31.963000,11174.025,100.1,1,0,TRUE,pos,0.41460815,OnTrack,-411,-168,551,1361.250227,27
29516,06:59.6,0 days 01:21:13.317000,63,772.6116667,0 days 00:00:31.967000,11167,100,1,0,TRUE,car,0.414641333,OnTrack,-409.8812802,-167.9604212,550.9453614,1361.361338,27
29517,06:59.8,0 days 01:21:13.473000,63,775.6016667,0 days 00:00:32.123000,10804.3,96.1,1,0,TRUE,pos,0.415905853,OnTrack,-369,-170,549,1365.525671,27
29518,06:59.8,0 days 01:21:13.517000,63,776.445,0 days 00:00:32.167000,10702,95,1,0,TRUE,car,0.416249687,OnTrack,-358.1631813,-172.5443161,548.5271788,1366.686782,27
29519,07:00.5,0 days 01:21:14.236000,63,799.4130556,0 days 00:00:32.886000,9309,82,1,3,FALSE,car,0.421240493,OnTrack,-225.8439598,-312.0874039,545.1129295,1383.064005,27
29520,07:00.7,0 days 01:21:14.353000,63,803.3780621,0 days 00:00:33.003000,9425.415191,82,1,10.02001152,FALSE,pos,0.422047984,OnTrack,-216,-332,545,1385.729005,27
29521,07:00.7,0 days 01:21:14.436000,63,806.1908333,0 days 00:00:33.086000,9508,82,1,15,FALSE,car,0.422628756,OnTrack,-211.2992515,-344.0174037,544.968705,1387.61956,27
29522,07:01.0,0 days 01:21:14.653000,63,814.0872292,0 days 00:00:33.303000,9896.275344,84.32500206,1,35.15001783,FALSE,pos,0.424182851,OnTrack,-204,-376,545,1392.702484,27
29523,07:01.0,0 days 01:21:14.716000,63,816.3797222,0 days 00:00:33.366000,10009,85,1,41,FALSE,car,0.42464343,OnTrack,-201.4306039,-389.4577571,545.0040866,1394.189984,27
29524,07:01.2,0 days 01:21:14.876000,63,822.2019444,0 days 00:00:33.526000,10364,88,1,53,FALSE,car,0.425835305,OnTrack,-194.3376431,-429.4561508,545.0007161,1398.101095,27
29525,07:01.2,0 days 01:21:14.913000,63,823.568896,0 days 00:00:33.563000,10511.30701,88.9250048,1,53.9250048,FALSE,pos,0.426117885,OnTrack,-193,-438,545,1399.015047,27
29526,07:01.3,0 days 01:21:15.036000,63,828.1130556,0 days 00:00:33.686000,11001,92,1,57,FALSE,car,0.427081356,OnTrack,-189.6319202,-463.3123073,544.9995855,1402.15838,27
29527,07:01.5,0 days 01:21:15.213000,63,834.5538959,0 days 00:00:33.863000,11970.81355,97.1625056,1,65.1125088,FALSE,pos,0.428548552,OnTrack,-187,-501,545,1406.935536,27
29528,07:01.6,0 days 01:21:15.276000,63,836.8463889,0 days 00:00:33.926000,12316,99,1,68,FALSE,car,0.429092644,OnTrack,-186.432344,-518.3782772,544.9988292,1408.668036,27
29529,07:01.6,0 days 01:21:15.333000,63,838.8888958,0 days 00:00:33.983000,12116.49933,101.4937584,1,68.3562512,FALSE,pos,0.429594434,OnTrack,-186,-535,545,1410.275021,27
29530,07:01.7,0 days 01:21:15.436000,63,842.5797222,0 days 00:00:34.086000,11756,106,1,69,FALSE,car,0.430528311,OnTrack,-185.2348977,-565.1302431,545.0136994,1413.307799,27
29531,07:01.8,0 days 01:21:15.533000,63,845.0316715,0 days 00:00:34.183000,11711.00269,110.0416747,1,77.35279431,FALSE,pos,0.431447227,OnTrack,-185,-596,545,1416.27281,27
29532,07:02.1,0 days 01:21:15.796000,63,851.6797222,0 days 00:00:34.446000,11589,121,2,100,FALSE,car,0.434215673,OnTrack,-188.5864995,-697.2257652,544.946623,1425.112533,27
29533,07:02.1,0 days 01:21:15.814000,63,851.8747236,0 days 00:00:34.464000,11553.731,122.687512,2,100,FALSE,pos,0.434427252,OnTrack,-189,-704,545,1425.72597,27
29534,07:02.4,0 days 01:21:16.116000,63,855.1463889,0 days 00:00:34.766000,10962,151,2,100,FALSE,car,0.43830597,OnTrack,-198.6775384,-808.0953727,546.6745238,1438.393192,27
29535,07:02.5,0 days 01:21:16.234000,63,856.1625011,0 days 00:00:34.884000,11203.90026,155.4250048,2,100,FALSE,pos,0.4398645,OnTrack,-204,-854,545,1443.487679,27
29536,07:02.6,0 days 01:21:16.274000,63,856.5069455,0 days 00:00:34.924000,11285.90026,156.9250048,2,100,FALSE,pos,0.440405108,OnTrack,-206,-871,544,1445.23129,27
29537,07:02.6,0 days 01:21:16.276000,63,856.5241667,0 days 00:00:34.926000,11290,157,3,100,FALSE,car,0.440432383,OnTrack,-206.1009182,-871.8656008,543.9558179,1445.318512,27
29538,07:02.8,0 days 01:21:16.474000,63,857.2941672,0 days 00:00:35.124000,11486.02013,167.890007,3,100,FALSE,pos,0.443247081,OnTrack,-216,-961,543,1454.552463,27
29539,07:02.8,0 days 01:21:16.476000,63,857.3019444,0 days 00:00:35.126000,11488,168,3,100,FALSE,car,0.443276629,OnTrack,-216.0938228,-961.8665372,543.0010311,1454.645796,27
29540,07:03.1,0 days 01:21:16.756000,63,856.8352778,0 days 00:00:35.406000,10881,183,4,100,FALSE,car,0.447614105,OnTrack,-229.0929624,-1083.357066,543.0137981,1468.879129,27
29541,07:03.1,0 days 01:21:16.834000,63,856.4236104,0 days 00:00:35.484000,11080.1789,186.6214345,4,100,FALSE,pos,0.448879919,OnTrack,-235,-1137,543,1472.922594,27
29542,07:03.3,0 days 01:21:17.033000,63,855.3733323,0 days 00:00:35.683000,11588.33978,195.8607232,4,100,FALSE,pos,0.452208533,OnTrack,-254,-1307,543,1483.749339,27
29543,07:03.3,0 days 01:21:17.036000,63,855.3575,0 days 00:00:35.686000,11596,196,4,100,FALSE,car,0.452259707,OnTrack,-254.2164396,-1308.934327,543.0016689,1483.912672,27
29544,07:03.6,0 days 01:21:17.333000,63,853.4599988,0 days 00:00:35.983000,10758.62446,205.9000064,4,100,FALSE,pos,0.457464569,OnTrack,-265,-1408,543,1500.899423,27
29545,07:03.7,0 days 01:21:17.396000,63,853.0575,0 days 00:00:36.046000,10581,208,5,100,FALSE,car,0.458598313,OnTrack,-268.3061096,-1439.872299,542.6860588,1504.539423,27
29546,07:03.8,0 days 01:21:17.513000,63,852.3424988,0 days 00:00:36.163000,10777.34095,211.656256,5,100,FALSE,pos,0.460728561,OnTrack,-276,-1512,542,1511.418251,27
29547,07:04.0,0 days 01:21:17.716000,63,851.1019444,0 days 00:00:36.366000,11118,218,5,100,FALSE,car,0.46450351,OnTrack,-290.9699645,-1634.178265,541.8265029,1523.711029,27
29548,07:04.2,0 days 01:21:17.873000,63,850.2297212,0 days 00:00:36.523000,11249.48766,222.4156304,5,100,FALSE,pos,0.467495106,OnTrack,-307,-1728,542,1533.410822,27
29549,07:04.3,0 days 01:21:18.036000,63,849.3241667,0 days 00:00:36.686000,11386,227,5,100,FALSE,car,0.4706525,OnTrack,-330.0530305,-1827.179603,542.0121033,1543.688877,27
29550,07:04.4,0 days 01:21:18.113000,63,848.9177768,0 days 00:00:36.763000,11137.35355,228.9250048,5,100,FALSE,pos,0.472156707,OnTrack,-343,-1875,542,1548.585329,27
29551,07:04.6,0 days 01:21:18.273000,63,848.0733323,0 days 00:00:36.923000,10620.68688,232.9250048,5,100,FALSE,pos,0.475325806,OnTrack,-373,-1975,542,1558.937551,27
29552,07:04.6,0 days 01:21:18.276000,63,848.0575,0 days 00:00:36.926000,10611,233,6,100,FALSE,car,0.475386138,OnTrack,-373.5642761,-1976.803137,542.0007226,1559.131718,27
29553,07:04.7,0 days 01:21:18.373000,63,847.572499,0 days 00:00:37.023000,10684.63196,235.6454598,6,100,FALSE,pos,0.47735605,OnTrack,-393,-2037,542,1565.481054,27
29554,07:05.0,0 days 01:21:18.653000,63,846.172499,0 days 00:00:37.303000,10897.17742,243.2818234,6,100,FALSE,pos,0.483195288,OnTrack,-489,-2304,541,1584.402974,27
29555,07:05.0,0 days 01:21:18.716000,63,845.8575,0 days 00:00:37.366000,10945,245,6,100,FALSE,car,0.484511428,OnTrack,-509.1842755,-2357.047246,540.8622216,1588.690474,27
29556,07:05.3,0 days 01:21:18.996000,63,844.5352778,0 days 00:00:37.646000,11146,247,6,100,FALSE,car,0.490365835,OnTrack,-579.2382372,-2527.751837,540.9432724,1607.901585,27
29557,07:05.4,0 days 01:21:19.093000,63,843.9694438,0 days 00:00:37.743000,11224.88806,249.4149406,6,100,FALSE,pos,0.492427599,OnTrack,-599,-2574,541,1614.621932,27
29558,07:05.5,0 days 01:21:19.237000,63,843.1294444,0 days 00:00:37.887000,11342,253,6,100,FALSE,car,0.495527211,OnTrack,-625.1430913,-2634.750107,541.02575,1624.741932,27
29559,07:05.8,0 days 01:21:19.473000,63,841.6216667,0 days 00:00:38.123000,11448.2,258.0571429,6,100,FALSE,pos,0.500694651,OnTrack,-675,-2742,541,1641.659011,27
29560,07:05.8,0 days 01:21:19.517000,63,841.3405556,0 days 00:00:38.167000,11468,259,6,100,FALSE,car,0.501666043,OnTrack,-688.204164,-2768.477972,541.0019052,1644.824567,27
29561,07:06.0,0 days 01:21:19.653000,63,840.5472222,0 days 00:00:38.303000,11080.4,260.36,6,100,FALSE,pos,0.504680407,OnTrack,-734,-2857,541,1654.660389,27
29562,07:06.2,0 days 01:21:19.853000,63,839.3805556,0 days 00:00:38.503000,10510.4,262.36,6,100,FALSE,pos,0.50914044,OnTrack,-809,-2981,541,1669.235944,27
29563,07:06.2,0 days 01:21:19.917000,63,839.0072222,0 days 00:00:38.567000,10328,263,7,100,FALSE,car,0.510571242,OnTrack,-845.8849846,-3030.396131,541.1579931,1673.9115,27
29564,07:06.4,0 days 01:21:20.133000,63,837.8072222,0 days 00:00:38.783000,10365.02857,264.5428571,7,100,FALSE,pos,0.515412558,OnTrack,-994,-3207,542,1689.784071,27
29565,07:06.5,0 days 01:21:20.197000,63,837.4516667,0 days 00:00:38.847000,10376,265,7,100,FALSE,car,0.516852286,OnTrack,-1026.827741,-3242.56686,542.1180076,1694.495183,27
29566,07:06.7,0 days 01:21:20.437000,63,836.1183333,0 days 00:00:39.087000,10466,267,7,100,FALSE,car,0.52227667,OnTrack,-1108.237134,-3311.199238,542.0174749,1712.295183,27
29567,07:06.8,0 days 01:21:20.533000,63,835.5583333,0 days 00:00:39.183000,10490.96,267.96,7,100,FALSE,pos,0.524458107,OnTrack,-1151,-3341,542,1719.440783,27
29568,07:06.9,0 days 01:21:20.637000,63,834.9516667,0 days 00:00:39.287000,10518,269,7,100,FALSE,car,0.52683085,OnTrack,-1210.921497,-3382.055243,542.0471428,1727.211894,27
29569,07:07.0,0 days 01:21:20.693000,63,834.189444,0 days 00:00:39.343000,10525.37305,269.5266461,7,100,FALSE,pos,0.528113466,OnTrack,-1251,-3407,542,1731.40453,27
29570,07:07.2,0 days 01:21:20.933000,63,830.9227754,0 days 00:00:39.583000,10556.97181,271.7837007,7,100,FALSE,pos,0.533644003,OnTrack,-1468,-3521,541,1749.523444,27
29571,07:07.3,0 days 01:21:20.956000,63,830.6097222,0 days 00:00:39.606000,10560,272,7,100,FALSE,car,0.534175778,OnTrack,-1486.22437,-3530.011526,540.9082109,1751.261222,27
29572,07:07.5,0 days 01:21:21.156000,63,826.4986111,0 days 00:00:39.806000,10650,274,7,100,FALSE,car,0.538814608,OnTrack,-1606.75744,-3586.825584,540.3526067,1766.483444,27
29573,07:07.7,0 days 01:21:21.393000,63,819.6519389,0 days 00:00:40.043000,10713.48219,276.5392878,7,100,FALSE,pos,0.544368717,OnTrack,-1732,-3645,540,1784.688947,27
29574,07:07.7,0 days 01:21:21.436000,63,818.4097222,0 days 00:00:40.086000,10725,277,7,100,FALSE,car,0.545380076,OnTrack,-1760.518472,-3659.036905,539.942944,1787.997558,27
29575,07:07.9,0 days 01:21:21.573000,63,813.7669379,0 days 00:00:40.223000,10797.35323,277.8562512,7,100,FALSE,pos,0.548606338,OnTrack,-1856,-3707,540,1798.571532,27
29576,07:08.0,0 days 01:21:21.733000,63,808.3447157,0 days 00:00:40.383000,10881.85323,278.8562512,7,100,FALSE,pos,0.552390947,OnTrack,-1966,-3763,541,1810.965143,27
29577,07:08.1,0 days 01:21:21.756000,63,807.5652778,0 days 00:00:40.406000,10894,279,7,100,FALSE,car,0.552937645,OnTrack,-1988.247741,-3774.291042,541.0878228,1812.747643,27
29578,07:08.3,0 days 01:21:21.973000,63,799.0661036,0 days 00:00:40.623000,10895.20556,281.4111132,7,100,FALSE,pos,0.558128187,OnTrack,-2243,-3903,541,1829.71048,27
29579,07:08.4,0 days 01:21:22.116000,63,793.4652778,0 days 00:00:40.766000,10896,283,7,100,FALSE,car,0.561561806,OnTrack,-2319.145203,-3940.869345,540.8591909,1840.951869,27
29580,07:08.6,0 days 01:21:22.274000,63,786.8819391,0 days 00:00:40.924000,10956.56672,283.6583339,7,100,FALSE,pos,0.56535558,OnTrack,-2369,-3964,541,1853.401318,27
29581,07:08.7,0 days 01:21:22.356000,63,783.4652778,0 days 00:00:41.006000,10988,284,7,100,FALSE,car,0.567331563,OnTrack,-2414.980917,-3985.217715,541.2960869,1859.870207,27
29582,07:08.8,0 days 01:21:22.494000,63,777.4469389,0 days 00:00:41.144000,11013.01252,285.7250016,7,100,FALSE,pos,0.570672383,OnTrack,-2512,-4029,542,1870.822998,27
29583,07:08.8,0 days 01:21:22.516000,63,776.4875,0 days 00:00:41.166000,11017,286,7,100,FALSE,car,0.571205155,OnTrack,-2527.844666,-4035.892979,542.1131966,1872.570776,27
29584,07:09.1,0 days 01:21:22.796000,63,763.7319444,0 days 00:00:41.446000,11099,286,7,100,FALSE,car,0.577983942,OnTrack,-2734.623511,-4119.458414,543.0995603,1894.81522,27
29585,07:09.1,0 days 01:21:22.834000,63,761.937494,0 days 00:00:41.484000,11102.68126,286.2375008,7,100,FALSE,pos,0.578907778,OnTrack,-2763,-4130,543,1897.836616,27
29586,07:09.3,0 days 01:21:22.994000,63,754.3819384,0 days 00:00:41.644000,11118.18126,287.2375008,7,100,FALSE,pos,0.582810962,OnTrack,-2883,-4172,542,1910.602727,27
29587,07:09.4,0 days 01:21:23.116000,63,748.6208333,0 days 00:00:41.766000,11130,288,7,100,FALSE,car,0.585785304,OnTrack,-2975.773278,-4201.294547,541.3343545,1920.362727,27
29588,07:09.5,0 days 01:21:23.154000,63,746.7947161,0 days 00:00:41.804000,11129.7625,288,7,100,FALSE,pos,0.586709892,OnTrack,-3005,-4210,541,1923.402727,27
29589,07:09.6,0 days 01:21:23.276000,63,740.9319444,0 days 00:00:41.926000,11129,288,7,100,FALSE,car,0.589685984,OnTrack,-3098.811959,-4236.442671,539.2944316,1933.162727,27
29590,07:09.6,0 days 01:21:23.294000,63,740.0819384,0 days 00:00:41.944000,11131.52002,288.0900006,7,99.0999936,FALSE,pos,0.590129129,OnTrack,-3112,-4240,539,1934.603177,27
29591,07:09.8,0 days 01:21:23.476000,63,731.4875,0 days 00:00:42.126000,11157,289,7,90,TRUE,car,0.594578765,OnTrack,-3231.531868,-4269.963344,535.672219,1949.213733,27
29592,07:09.9,0 days 01:21:23.633000,63,726.2541603,0 days 00:00:42.283000,10628.24578,267.1321161,7,39.53565257,TRUE,pos,0.598052211,OnTrack,-3371,-4295,530,1960.863661,27
29593,07:10.1,0 days 01:21:23.756000,63,722.1541667,0 days 00:00:42.406000,10214,250,7,0,TRUE,car,0.600504278,OnTrack,-3527.813083,-4317.633952,522.8370519,1969.405328,27
29594,07:10.1,0 days 01:21:23.793000,63,721.5991638,0 days 00:00:42.443000,10171.79666,244.1030944,7,0,TRUE,pos,0.601196132,OnTrack,-3567,-4323,521,1971.914165,27
29595,07:10.4,0 days 01:21:24.076000,63,717.3541667,0 days 00:00:42.726000,9849,199,6,0,TRUE,car,0.605894802,OnTrack,-3663.751844,-4333.405536,515.9327452,1987.557777,27
29596,07:10.4,0 days 01:21:24.133000,63,717.3541667,0 days 00:00:42.783000,10016.3589,193.9333163,6,0,TRUE,pos,0.606759643,OnTrack,-3681,-4335,515,1990.628387,27
29597,07:10.6,0 days 01:21:24.333000,63,717.3541667,0 days 00:00:42.983000,10603.58112,176.1555385,6,0,TRUE,pos,0.609614304,OnTrack,-3781,-4346,510,2000.414806,27
29598,07:10.7,0 days 01:21:24.436000,63,717.3541667,0 days 00:00:43.086000,10906,167,6,0,TRUE,car,0.610983971,OnTrack,-3829.834442,-4351.151243,507.6871,2005.192862,27
29599,07:10.9,0 days 01:21:24.573000,63,718.5338905,0 days 00:00:43.223000,10153.18394,152.6149798,6,0,TRUE,pos,0.612703615,OnTrack,-3887,-4357,505,2011.00071,27
29600,07:10.9,0 days 01:21:24.636000,63,719.0763889,0 days 00:00:43.286000,9807,146,4,0,TRUE,car,0.613455757,OnTrack,-3911.388512,-4359.579689,503.7964065,2013.55571,27
29601,07:11.0,0 days 01:21:24.733000,63,720.5313918,0 days 00:00:43.383000,10284.72595,139.2099866,4,0,TRUE,pos,0.614566611,OnTrack,-3949,-4364,502,2017.306645,27
29602,07:11.1,0 days 01:21:24.836000,63,722.0763889,0 days 00:00:43.486000,10792,132,2,0,TRUE,car,0.615690522,OnTrack,-3993.395727,-4370.353036,500.2046936,2021.083312,27
29603,07:11.3,0 days 01:21:25.033000,63,726.071115,0 days 00:00:43.683000,10024.68425,120.1799885,2,0,TRUE,pos,0.617693429,OnTrack,-4078,-4389,497,2027.659828,27
29604,07:11.3,0 days 01:21:25.036000,63,726.1319444,0 days 00:00:43.686000,10013,120,2,0,TRUE,car,0.617722126,OnTrack,-4079.083567,-4389.374762,496.95209,2027.759828,27
29605,07:11.7,0 days 01:21:25.413000,63,737.2325057,0 days 00:00:44.063000,10616.98572,103.5062416,2,0,TRUE,pos,0.620924485,OnTrack,-4167,-4450,492,2038.599232,27
29606,07:11.8,0 days 01:21:25.516000,63,740.2652778,0 days 00:00:44.166000,10782,99,1,0,TRUE,car,0.621744703,OnTrack,-4178.482067,-4464.584219,491.6927542,2041.431732,27
29607,07:12.0,0 days 01:21:25.716000,63,745.3763889,0 days 00:00:44.366000,10082,93,1,1,TRUE,car,0.623319196,OnTrack,-4192.606135,-4492.337819,492.0485522,2046.598398,27
29608,07:12.1,0 days 01:21:25.773000,63,746.9438932,0 days 00:00:44.423000,9860.214339,91.7570059,1,1,TRUE,pos,0.623753043,OnTrack,-4198,-4503,492,2048.051218,27
29609,07:12.3,0 days 01:21:26.013000,63,753.5438893,0 days 00:00:44.663000,8926.383122,86.52336417,1,1,TRUE,pos,0.625490495,OnTrack,-4228,-4558,491,2053.819442,27
29610,07:12.3,0 days 01:21:26.037000,63,754.2038889,0 days 00:00:44.687000,8833,86,1,1,TRUE,car,0.62565605,OnTrack,-4231.063987,-4562.932007,490.8971159,2054.392775,27
29611,07:12.6,0 days 01:21:26.273000,63,757.5472222,0 days 00:00:44.923000,8342.457143,78.41428571,1,0.157142857,TRUE,pos,0.627206133,OnTrack,-4265,-4603,490,2059.533267,27
29612,07:12.6,0 days 01:21:26.317000,63,758.1705556,0 days 00:00:44.967000,8251,77,1,0,TRUE,car,0.627481108,OnTrack,-4274.290194,-4609.879602,489.807601,2060.474378,27
29613,07:12.8,0 days 01:21:26.533000,63,760.5705556,0 days 00:00:45.183000,7837.9,71.6,1,0,TRUE,pos,0.628780839,OnTrack,-4326,-4639,489,2064.770378,27
29614,07:12.9,0 days 01:21:26.557000,63,760.8372222,0 days 00:00:45.207000,7792,71,1,0,FALSE,car,0.628923547,OnTrack,-4330.384638,-4641.094778,488.9847639,2065.243712,27
29615,07:13.0,0 days 01:21:26.717000,63,762.215,0 days 00:00:45.367000,7817,70,1,1,FALSE,car,0.629871629,OnTrack,-4350.055949,-4648.359314,489.3431855,2068.354823,27
29616,07:13.2,0 days 01:21:26.913000,63,763.0316667,0 days 00:00:45.563000,8273.68,69.51,1,15.21,FALSE,pos,0.631000988,OnTrack,-4379,-4649,490,2072.139256,27
29617,07:13.4,0 days 01:21:27.117000,63,763.8816667,0 days 00:00:45.767000,8749,69,1,30,FALSE,car,0.632207974,OnTrack,-4440.261024,-4648.37716,490.0289741,2076.049256,27
29618,07:13.5,0 days 01:21:27.193000,63,763.9238889,0 days 00:00:45.843000,8918.86,71.66,1,34.18,FALSE,pos,0.632685849,OnTrack,-4457,-4648,490,2077.562078,27
29619,07:13.6,0 days 01:21:27.317000,63,763.9927778,0 days 00:00:45.967000,9196,76,1,41,FALSE,car,0.633494657,OnTrack,-4468.108745,-4647.311164,489.992508,2080.179856,27
29620,07:13.7,0 days 01:21:27.413000,63,763.6461111,0 days 00:00:46.063000,9662.285714,78.4,1,44.08571429,FALSE,pos,0.634141037,OnTrack,-4478,-4645,490,2082.270523,27
29621,07:13.9,0 days 01:21:27.597000,63,762.9816667,0 days 00:00:46.247000,10556,83,1,50,FALSE,car,0.635461927,OnTrack,-4529.688524,-4632.893361,490.0061583,2086.512745,27
29622,07:14.1,0 days 01:21:27.753000,63,761.3349992,0 days 00:00:46.403000,11245.29356,90.428575,1,57.03759737,FALSE,pos,0.636718979,OnTrack,-4581,-4621,490,2090.431317,27
29623,07:14.3,0 days 01:21:27.996000,63,758.77,0 days 00:00:46.646000,12319,102,1,68,FALSE,car,0.63890702,OnTrack,-4633.686688,-4609.332283,489.9669419,2097.316317,27
29624,07:14.5,0 days 01:21:28.173000,63,755.7216634,0 days 00:00:46.823000,11744.63438,110.8500096,1,72.4250048,FALSE,pos,0.640649499,OnTrack,-4670,-4603,490,2102.766442,27
29625,07:14.6,0 days 01:21:28.333000,63,752.9661078,0 days 00:00:46.983000,11225.43438,118.8500096,1,76.4250048,FALSE,pos,0.642339231,OnTrack,-4720,-4599,490,2108.048665,27
29626,07:14.7,0 days 01:21:28.396000,63,751.8811111,0 days 00:00:47.046000,11021,122,2,78,FALSE,car,0.64303795,OnTrack,-4756.602649,-4600.792044,489.8171371,2110.183665,27
29627,07:14.9,0 days 01:21:28.573000,63,747.8986068,0 days 00:00:47.223000,10836.4773,131.7350106,2,87.73501056,FALSE,pos,0.64510223,OnTrack,-4884,-4613,489,2116.660636,27
29628,07:15.1,0 days 01:21:28.796000,63,742.8811111,0 days 00:00:47.446000,10604,144,2,100,FALSE,car,0.6479138,OnTrack,-4958.160626,-4623.392037,488.7997213,2125.580636,27
29629,07:15.3,0 days 01:21:29.014000,63,737.3099967,0 days 00:00:47.664000,11371.08795,156.9437576,2,100,FALSE,pos,0.65088393,OnTrack,-5009,-4633,489,2135.084453,27
29630,07:15.4,0 days 01:21:29.116000,63,734.7033333,0 days 00:00:47.766000,11730,163,3,100,FALSE,car,0.652329154,OnTrack,-5052.735934,-4639.442088,489.0235841,2139.702786,27
29631,07:15.5,0 days 01:21:29.194000,63,732.6016632,0 days 00:00:47.844000,11697.33745,167.3875072,3,100,FALSE,pos,0.653453019,OnTrack,-5090,-4645,489,2143.329515,27
29632,07:15.6,0 days 01:21:29.276000,63,730.3922222,0 days 00:00:47.926000,11663,172,3,100,FALSE,car,0.654658727,OnTrack,-5129.151415,-4651.234094,488.9442174,2147.247293,27
29633,07:15.6,0 days 01:21:29.314000,63,729.3683299,0 days 00:00:47.964000,11544.40793,173.7416725,3,100,FALSE,pos,0.65522835,OnTrack,-5147,-4654,489,2149.081233,27
29634,07:15.8,0 days 01:21:29.494000,63,724.5183299,0 days 00:00:48.144000,10982.65793,181.9916725,3,100,FALSE,pos,0.658023217,OnTrack,-5235,-4666,490,2158.180817,27
29635,07:15.8,0 days 01:21:29.516000,63,723.9255556,0 days 00:00:48.166000,10914,183,4,100,FALSE,car,0.658376563,OnTrack,-5248.496274,-4667.756202,490.0634384,2159.29915,27
29636,07:16.0,0 days 01:21:29.716000,63,718.3144444,0 days 00:00:48.366000,11348,196,4,100,FALSE,car,0.661694851,OnTrack,-5401.608962,-4687.445136,489.5781208,2170.188039,27
29637,07:16.1,0 days 01:21:29.814000,63,715.5922187,0 days 00:00:48.464000,11468.45849,199.2666709,4,100,FALSE,pos,0.66336572,OnTrack,-5469,-4696,489,2175.61252,27
29638,07:16.3,0 days 01:21:29.956000,63,711.6477778,0 days 00:00:48.606000,11643,204,4,100,FALSE,car,0.665839324,OnTrack,-5540.383869,-4704.896907,487.9901037,2183.659187,27
29639,07:16.6,0 days 01:21:30.273000,63,702.7541613,0 days 00:00:48.923000,10908.94643,214.8968816,4,100,FALSE,pos,0.671607609,OnTrack,-5664,-4720,489,2202.582051,27
29640,07:16.6,0 days 01:21:30.276000,63,702.67,0 days 00:00:48.926000,10902,215,5,100,FALSE,car,0.671663257,OnTrack,-5665.717212,-4720.2159,489.0720995,2202.761218,27
29641,07:16.6,0 days 01:21:30.313000,63,701.5086051,0 days 00:00:48.963000,10981.55041,216.3875072,5,100,FALSE,pos,0.67235088,OnTrack,-5688,-4723,490,2204.985201,27
29642,07:16.7,0 days 01:21:30.436000,63,697.6477778,0 days 00:00:49.086000,11246,221,5,100,FALSE,car,0.674656487,OnTrack,-5779.961329,-4733.431842,491.3770527,2212.536034,27
29643,07:17.0,0 days 01:21:30.653000,63,689.8719376,0 days 00:00:49.303000,11521.99712,225.7468792,5,100,FALSE,pos,0.678819297,OnTrack,-5959,-4752,490,2226.143554,27
29644,07:17.1,0 days 01:21:30.756000,63,686.1811111,0 days 00:00:49.406000,11653,228,5,100,FALSE,car,0.680832565,OnTrack,-6017.870972,-4758.170954,489.7446266,2232.666888,27
29645,07:17.3,0 days 01:21:30.956000,63,678.3477778,0 days 00:00:49.606000,11877,235,5,100,FALSE,car,0.684811124,OnTrack,-6100.615483,-4766.487643,489.9464714,2245.722443,27
29646,07:17.3,0 days 01:21:31.033000,63,675.1822143,0 days 00:00:49.683000,11924.16262,236.4437536,5,100,FALSE,pos,0.686377466,OnTrack,-6143,-4770,490,2250.779712,27
29647,07:17.4,0 days 01:21:31.116000,63,671.77,0 days 00:00:49.766000,11975,238,5,100,TRUE,car,0.688034603,OnTrack,-6198.053924,-4774.187299,490.0075299,2256.266935,27
29648,07:17.5,0 days 01:21:31.193000,63,669.0536043,0 days 00:00:49.843000,11707.66496,231.2624832,5,75.93744,TRUE,pos,0.689488642,OnTrack,-6252,-4778,490,2261.213382,27
29649,07:17.7,0 days 01:21:31.436000,63,660.4811111,0 days 00:00:50.086000,10864,210,5,0,TRUE,car,0.693723096,OnTrack,-6405.860884,-4787.199026,490.0301383,2275.388382,27
29650,07:17.8,0 days 01:21:31.493000,63,658.5811047,0 days 00:00:50.143000,11072.7632,206.7937392,5,0,TRUE,pos,0.694704688,OnTrack,-6438,-4789,490,2278.662616,27
29651,07:17.9,0 days 01:21:31.596000,63,655.1477778,0 days 00:00:50.246000,11450,201,5,0,TRUE,car,0.696445446,OnTrack,-6492.088203,-4792.046982,489.8845263,2284.41345,27
29652,07:18.0,0 days 01:21:31.733000,63,651.2661057,0 days 00:00:50.383000,11019.02023,191.2958197,5,0,TRUE,pos,0.698599258,OnTrack,-6568,-4801,490,2291.693318,27
29653,07:18.1,0 days 01:21:31.836000,63,648.3477778,0 days 00:00:50.486000,10695,184,4,0,TRUE,car,0.700183598,OnTrack,-6639.13392,-4816.400374,490.650278,2296.957763,27
29654,07:18.2,0 days 01:21:31.913000,63,646.2516614,0 days 00:00:50.563000,10576.13095,184,4,0,TRUE,pos,0.701388004,OnTrack,-6689,-4830,491,2300.893318,27
29655,07:18.3,0 days 01:21:31.996000,63,643.9922222,0 days 00:00:50.646000,10448,184,4,0,TRUE,car,0.702675699,OnTrack,-6731.076812,-4844.537219,490.9033859,2305.135541,27
29656,07:18.5,0 days 01:21:32.236000,63,638.3922222,0 days 00:00:50.886000,10168,173,4,3,FALSE,car,0.706190375,OnTrack,-6797.316323,-4889.450307,488.5420785,2316.668874,27
29657,07:18.7,0 days 01:21:32.353000,63,636.0522212,0 days 00:00:51.003000,9950.714188,170.0931664,4,10.9937924,FALSE,pos,0.707865158,OnTrack,-6832,-4922,488,2322.196902,27
29658,07:18.7,0 days 01:21:32.397000,63,635.1722222,0 days 00:00:51.047000,9869,169,4,14,FALSE,car,0.708493622,OnTrack,-6847.302203,-4936.568585,487.9984647,2324.262457,27
29659,07:18.7,0 days 01:21:32.433000,63,634.6122222,0 days 00:00:51.083000,9887.675,169,4,18.725,FALSE,pos,0.709007701,OnTrack,-6860,-4949,488,2325.952457,27
29660,07:19.0,0 days 01:21:32.717000,63,630.1944444,0 days 00:00:51.367000,10035,169,4,56,FALSE,car,0.713071504,OnTrack,-6948.39607,-5053.328054,486.3059429,2339.28468,27
29661,07:19.1,0 days 01:21:32.753000,63,629.6644444,0 days 00:00:51.403000,10122.3,169.45,4,60.5,FALSE,pos,0.713590666,OnTrack,-6959,-5068,486,2340.97918,27
29662,07:19.2,0 days 01:21:32.877000,63,627.8388889,0 days 00:00:51.527000,10423,171,4,76,FALSE,car,0.715387533,OnTrack,-6995.274746,-5121.604704,484.8998389,2346.86918,27
29663,07:19.3,0 days 01:21:32.993000,63,626.3888889,0 days 00:00:51.643000,10584.24,173.32,4,80.06,FALSE,pos,0.717081831,OnTrack,-7027,-5174,484,2352.453935,27
29664,07:19.4,0 days 01:21:33.077000,63,625.3388889,0 days 00:00:51.727000,10701,175,4,83,FALSE,car,0.71835029,OnTrack,-7047.587261,-5212.133505,483.5365925,2356.537268,27
29665,07:19.6,0 days 01:21:33.313000,63,622.7822222,0 days 00:00:51.963000,11186.40909,187.3363636,4,92.11818182,FALSE,pos,0.722215696,OnTrack,-7094,-5311,483,2368.818208,27
29666,07:19.8,0 days 01:21:33.517000,63,620.5722222,0 days 00:00:52.167000,11606,198,4,100,FALSE,car,0.725725014,OnTrack,-7123.456162,-5386.262525,483.0822398,2380.038208,27
29667,07:19.9,0 days 01:21:33.553000,63,620.2222222,0 days 00:00:52.203000,11619.8,199.05,4,100,FALSE,pos,0.726344371,OnTrack,-7131,-5413,483,2382.028708,27
29668,07:20.1,0 days 01:21:33.753000,63,618.2777778,0 days 00:00:52.403000,11696.46667,204.8833333,4,100,FALSE,pos,0.729818654,OnTrack,-7183,-5623,482,2393.411115,27
29669,07:20.1,0 days 01:21:33.757000,63,618.2388889,0 days 00:00:52.407000,11698,205,4,100,FALSE,car,0.729889803,OnTrack,-7183.709457,-5626.070344,481.9867418,2393.638893,27
29670,07:20.3,0 days 01:21:34.033000,63,615.7855556,0 days 00:00:52.683000,10968.57143,216.8285714,4,100,FALSE,pos,0.734958342,OnTrack,-7197,-5713,482,2410.262417,27
29671,07:20.3,0 days 01:21:34.037000,63,615.75,0 days 00:00:52.687000,10958,217,5,100,FALSE,car,0.735033149,OnTrack,-7197.174928,-5714.644551,482.0020546,2410.503528,27
29672,07:20.5,0 days 01:21:34.237000,63,614.0833333,0 days 00:00:52.887000,11183,223,5,100,FALSE,car,0.738808547,OnTrack,-7211.035956,-5836.41125,482.0026212,2422.892417,27
29673,07:20.6,0 days 01:21:34.253000,63,613.9766666,0 days 00:00:52.903000,11206.82447,223.3009406,5,99.79937292,FALSE,pos,0.739114164,OnTrack,-7212,-5847,482,2423.884865,27
29674,07:20.9,0 days 01:21:34.556000,63,611.9566667,0 days 00:00:53.206000,11658,229,5,96,FALSE,car,0.744992328,OnTrack,-7219.791935,-6036.974738,481.9864728,2443.159032,27
29675,07:20.9,0 days 01:21:34.593000,63,611.8436105,0 days 00:00:53.243000,11553.72673,229.3363654,5,93.89771636,FALSE,pos,0.745717311,OnTrack,-7220,-6059,482,2445.5161,27
29676,07:21.1,0 days 01:21:34.793000,63,611.2324994,0 days 00:00:53.443000,10990.09037,231.1545472,5,82.53408,FALSE,pos,0.749656608,OnTrack,-7212,-6184,482,2458.35802,27
29677,07:21.3,0 days 01:21:34.996000,63,610.6122222,0 days 00:00:53.646000,10418,233,6,71,FALSE,car,0.753670665,OnTrack,-7153.665978,-6357.50547,481.1671944,2471.496631,27
29678,07:21.3,0 days 01:21:35.033000,63,610.5505552,0 days 00:00:53.683000,10465.17524,233.185001,6,71.55500288,FALSE,pos,0.754402461,OnTrack,-7142,-6381,481,2473.893254,27
29679,07:21.5,0 days 01:21:35.196000,63,610.2788889,0 days 00:00:53.846000,10673,234,6,74,FALSE,car,0.757632294,OnTrack,-7095.99354,-6429.656551,480.3672071,2484.488254,27
29680,07:21.7,0 days 01:21:35.373000,63,610.2297222,0 days 00:00:54.023000,10625.4312,235.6593768,6,88.3812656,FALSE,pos,0.761170727,OnTrack,-7034,-6497,480,2496.07484,27
29681,07:21.8,0 days 01:21:35.516000,63,610.19,0 days 00:00:54.166000,10587,237,6,100,FALSE,car,0.764052164,OnTrack,-6960.382784,-6648.060573,480.0122559,2505.489007,27
29682,07:21.9,0 days 01:21:35.554000,63,610.1794444,0 days 00:00:54.204000,10643.52519,237.7125024,6,98.3374944,FALSE,pos,0.764820932,OnTrack,-6943,-6688,480,2507.998195,27
29683,07:22.0,0 days 01:21:35.676000,63,610.1455556,0 days 00:00:54.326000,10825,240,6,93,FALSE,car,0.767302731,OnTrack,-6901.622048,-6794.394137,479.8273425,2516.131528,27
29684,07:22.2,0 days 01:21:35.916000,63,610.1455556,0 days 00:00:54.566000,10937,245,6,98,FALSE,car,0.772280162,OnTrack,-6869.36517,-6926.844623,479.1352633,2532.464861,27
29685,07:22.3,0 days 01:21:35.994000,63,610.1672223,0 days 00:00:54.644000,10954.16003,246.1700019,6,98.78000128,FALSE,pos,0.773916726,OnTrack,-6861,-6964,479,2537.798545,27
29686,07:22.4,0 days 01:21:36.116000,63,610.2011111,0 days 00:00:54.766000,10981,248,6,100,FALSE,car,0.776478811,OnTrack,-6847.703338,-7019.413779,478.9133223,2546.202989,27
29687,07:22.7,0 days 01:21:36.354000,63,611.3250006,0 days 00:00:55.004000,10629.20606,240.562496,6,25.62496,FALSE,pos,0.781375964,OnTrack,-6822,-7126,479,2562.106843,27
29688,07:22.7,0 days 01:21:36.436000,63,611.7122222,0 days 00:00:55.086000,10508,238,6,0,TRUE,car,0.782925769,OnTrack,-6813.676459,-7165.986297,479.0226869,2567.527954,27
29689,07:23.6,0 days 01:21:37.253000,63,637.130006,0 days 00:00:55.903000,10599.06148,167.3635251,6,0,TRUE,pos,0.793814376,OnTrack,-6753,-7606,479,2605.510176,27
29690,07:23.7,0 days 01:21:37.396000,63,641.5788889,0 days 00:00:56.046000,10615,155,3,0,TRUE,car,0.795521717,OnTrack,-6748.851369,-7669.311313,478.9998317,2611.667121,27
29691,07:23.7,0 days 01:21:37.433000,63,642.8738956,0 days 00:00:56.083000,10676.97532,153.9824947,3,0,TRUE,pos,0.795970706,OnTrack,-6748,-7685,479,2613.249719,27
29692,07:24.0,0 days 01:21:37.693000,63,651.9738956,0 days 00:00:56.343000,11112.47532,146.8324947,3,0,TRUE,pos,0.799177639,OnTrack,-6745,-7790,479,2623.854288,27
29693,07:24.1,0 days 01:21:37.796000,63,655.5788889,0 days 00:00:56.446000,11285,144,3,0,FALSE,car,0.800397568,OnTrack,-6746.735194,-7830.577886,478.9999878,2627.974288,27
29694,07:24.2,0 days 01:21:37.913000,63,659.8363959,0 days 00:00:56.563000,11296.21252,138.1499904,3,4.3875072,FALSE,pos,0.80172398,OnTrack,-6752,-7874,479,2632.464162,27
29695,07:24.3,0 days 01:21:38.036000,63,664.3122222,0 days 00:00:56.686000,11308,132,2,9,FALSE,car,0.803079286,OnTrack,-6762.634851,-7913.680467,478.9999467,2636.974162,27
29696,07:24.4,0 days 01:21:38.113000,63,666.8147285,0 days 00:00:56.763000,11153.99962,131.2781232,2,6.8343696,FALSE,pos,0.803923158,OnTrack,-6773,-7936,479,2639.782056,27
29697,07:24.6,0 days 01:21:38.273000,63,672.0147285,0 days 00:00:56.923000,10833.99962,129.7781232,2,2.3343696,FALSE,pos,0.805667827,OnTrack,-6805,-7977,479,2645.549972,27
29698,07:24.7,0 days 01:21:38.356000,63,674.7122222,0 days 00:00:57.006000,10668,129,2,0,TRUE,car,0.806573646,OnTrack,-6826.14787,-7994.968935,478.9988165,2648.524139,27
29699,07:24.9,0 days 01:21:38.556000,63,680.7122222,0 days 00:00:57.206000,10867,128,2,12,FALSE,car,0.80874069,OnTrack,-6878.709806,-8048.523162,478.9978079,2655.63525,27
29700,07:24.9,0 days 01:21:38.593000,63,681.7708388,0 days 00:00:57.243000,10848.4999,126.6124928,2,15.9312704,FALSE,pos,0.809127407,OnTrack,-6885,-8067,479,2656.936545,27
29701,07:25.0,0 days 01:21:38.716000,63,685.29,0 days 00:00:57.366000,10787,122,2,29,FALSE,car,0.810393062,OnTrack,-6897.042266,-8146.873038,479.0079365,2661.104878,27
29702,07:25.1,0 days 01:21:38.753000,63,686.1533372,0 days 00:00:57.403000,10776.59782,122.3950196,2,31.37011744,FALSE,pos,0.810779103,OnTrack,-6899,-8169,479,2662.362827,27
29703,07:25.3,0 days 01:21:38.997000,63,691.8466667,0 days 00:00:57.647000,10708,125,2,47,FALSE,car,0.8133664,OnTrack,-6899.135252,-8244.626229,478.7598222,2670.835049,27
29704,07:25.5,0 days 01:21:39.197000,63,695.8466667,0 days 00:00:57.847000,11441,124,2,68,FALSE,car,0.815465725,OnTrack,-6888.364367,-8279.406315,478.1627981,2677.723938,27
29705,07:25.5,0 days 01:21:39.233000,63,696.3166667,0 days 00:00:57.883000,11544.8,125.65,2,68.75,FALSE,pos,0.815861813,OnTrack,-6886,-8290,478,2678.980438,27
29706,07:25.7,0 days 01:21:39.413000,63,698.6666667,0 days 00:00:58.063000,12063.8,133.9,2,72.5,FALSE,pos,0.817929889,OnTrack,-6873,-8356,477,2685.675438,27
29707,07:25.7,0 days 01:21:39.437000,63,698.98,0 days 00:00:58.087000,12133,135,2,73,FALSE,car,0.818208391,OnTrack,-6871.383936,-8364.094229,476.8664442,2686.575438,27
29708,07:25.9,0 days 01:21:39.633000,63,700.5588889,0 days 00:00:58.283000,11707.68,138.92,2,83.78,FALSE,pos,0.820512696,OnTrack,-6852,-8439,476,2694.13886,27
29709,07:25.9,0 days 01:21:39.637000,63,700.5911111,0 days 00:00:58.287000,11699,139,2,84,FALSE,car,0.820561666,OnTrack,-6851.204632,-8441.499124,475.9916465,2694.293305,27
29710,07:26.1,0 days 01:21:39.793000,63,700.5911111,0 days 00:00:58.443000,11598.25,148.75,2,94.4,FALSE,pos,0.822552853,OnTrack,-6811,-8560,476,2700.739138,27
29711,07:26.2,0 days 01:21:39.877000,63,700.5911111,0 days 00:00:58.527000,11544,154,3,100,FALSE,car,0.823690337,OnTrack,-6793.904056,-8607.021902,476.2479287,2704.332472,27
29712,07:26.5,0 days 01:21:40.197000,63,696.7688889,0 days 00:00:58.847000,12386,174,3,100,FALSE,car,0.828403659,OnTrack,-6759.060611,-8679.741164,477.914222,2719.799138,27
29713,07:26.5,0 days 01:21:40.233000,63,696.0888889,0 days 00:00:58.883000,12238.01429,175.8,3,100,FALSE,pos,0.828960924,OnTrack,-6754,-8690,478,2721.557138,27
29714,07:26.8,0 days 01:21:40.473000,63,691.5555556,0 days 00:00:59.123000,11251.44286,187.8,3,100,FALSE,pos,0.832794027,OnTrack,-6697,-8797,478,2734.077138,27
29715,07:26.8,0 days 01:21:40.477000,63,691.48,0 days 00:00:59.127000,11235,188,4,100,FALSE,car,0.832859645,OnTrack,-6695.295147,-8799.696476,477.999074,2734.286027,27
29716,07:27.0,0 days 01:21:40.653000,63,687.08,0 days 00:00:59.303000,11573.8,196.0666667,4,100,FALSE,pos,0.835803473,OnTrack,-6604,-8934,478,2743.871509,27
29717,07:27.0,0 days 01:21:40.717000,63,685.48,0 days 00:00:59.367000,11697,199,4,100,FALSE,car,0.836902538,OnTrack,-6578.395884,-8969.811563,477.9775681,2747.409286,27
29718,07:27.4,0 days 01:21:41.053000,63,675.0266667,0 days 00:00:59.703000,11976.72,205.72,4,46.24,FALSE,pos,0.842829884,OnTrack,-6502,-9054,478,2766.60982,27
29719,07:27.4,0 days 01:21:41.117000,63,673.0355556,0 days 00:00:59.767000,12030,207,4,36,TRUE,car,0.843911573,OnTrack,-6480.388911,-9073.989241,478.1954666,2770.28982,27
29720,07:27.7,0 days 01:21:41.353000,63,666.8733296,0 days 00:01:00.003000,11105.97437,189.2445034,4,9.36675513,TRUE,pos,0.847649951,OnTrack,-6379,-9159,479,2782.695848,27
29721,07:27.7,0 days 01:21:41.393000,63,665.8288846,0 days 00:01:00.043000,10949.35985,186.2350972,4,4.85264583,TRUE,pos,0.848237753,OnTrack,-6361,-9171,479,2784.765127,27
29722,07:27.7,0 days 01:21:41.436000,63,664.7061111,0 days 00:01:00.086000,10781,183,4,0,TRUE,car,0.848853197,OnTrack,-6339.828217,-9184.260651,478.9886312,2786.95096,27
29723,07:28.0,0 days 01:21:41.693000,63,659.7088852,0 days 00:01:00.343000,10546.94625,157.2999808,4,0,TRUE,pos,0.852234291,OnTrack,-6200,-9262,479,2798.180431,27
29724,07:28.0,0 days 01:21:41.716000,63,659.2616667,0 days 00:01:00.366000,10526,155,3,0,TRUE,car,0.852527015,OnTrack,-6191.316531,-9266.678398,479.0379805,2799.170709,27
29725,07:28.2,0 days 01:21:41.876000,63,656.4616667,0 days 00:01:00.526000,11420,146,2,0,TRUE,car,0.854504444,OnTrack,-6153.772604,-9286.610349,479.5059509,2805.659598,27
29726,07:28.3,0 days 01:21:41.994000,63,655.4783323,0 days 00:01:00.644000,11353.03493,134.7899878,2,0,TRUE,pos,0.855740562,OnTrack,-6132,-9298,480,2810.077714,27
29727,07:28.6,0 days 01:21:42.276000,63,653.1283333,0 days 00:01:00.926000,11193,108,2,0,TRUE,car,0.858161332,OnTrack,-6059.737145,-9338.037249,481.4861405,2818.537714,27
29728,07:28.7,0 days 01:21:42.374000,63,652.4477769,0 days 00:01:01.024000,11012.67976,105.0599962,2,0,TRUE,pos,0.859017496,OnTrack,-6030,-9360,482,2821.397681,27
29729,07:28.8,0 days 01:21:42.476000,63,651.7394444,0 days 00:01:01.126000,10825,102,1,0,TRUE,car,0.859888196,OnTrack,-5997.160553,-9388.466267,482.5009462,2824.287681,27
29730,07:28.9,0 days 01:21:42.594000,63,651.2477772,0 days 00:01:01.244000,10129.53675,94.624992,1,0,TRUE,pos,0.860818449,OnTrack,-5964,-9422,483,2827.389278,27
29731,07:28.9,0 days 01:21:42.636000,63,651.0727778,0 days 00:01:01.286000,9882,92,1,0,TRUE,car,0.861134246,OnTrack,-5955.578725,-9432.166659,483.1457924,2828.462611,27
29732,07:29.1,0 days 01:21:42.836000,63,650.795,0 days 00:01:01.486000,9146,84,1,0,TRUE,car,0.86255637,OnTrack,-5937.595684,-9468.925647,483.6642042,2833.129278,27
29733,07:29.2,0 days 01:21:42.934000,63,650.8222223,0 days 00:01:01.584000,8721.659446,81.5499968,1,0,TRUE,pos,0.863221992,OnTrack,-5934,-9484,484,2835.34925,27
29734,07:29.3,0 days 01:21:43.036000,63,650.8505556,0 days 00:01:01.686000,8280,79,1,0,TRUE,car,0.863893843,OnTrack,-5931.374928,-9498.909778,484.4649993,2837.587583,27
29735,07:29.7,0 days 01:21:43.394000,63,652.0438893,0 days 00:01:02.044000,7187.105165,72.0388864,1,0,TRUE,pos,0.866076366,OnTrack,-5931,-9553,486,2844.75145,27
29736,07:29.7,0 days 01:21:43.396000,63,652.0505556,0 days 00:01:02.046000,7181,72,1,0,TRUE,car,0.866087975,OnTrack,-5931.035184,-9553.370327,486.0004219,2844.79145,27
29737,07:29.8,0 days 01:21:43.513000,63,652.6680566,0 days 00:01:02.163000,6992.629691,69.0749952,1,0,TRUE,pos,0.866757549,OnTrack,-5934,-9576,486,2847.036388,27
29738,07:29.9,0 days 01:21:43.596000,63,653.1061111,0 days 00:01:02.246000,6859,67,1,0,FALSE,car,0.867222288,OnTrack,-5937.726105,-9591.435395,486.4427194,2848.58111,27
29739,07:30.0,0 days 01:21:43.673000,63,653.6622236,0 days 00:01:02.323000,6803.559862,65.84499712,1,0.38500096,FALSE,pos,0.867646516,OnTrack,-5942,-9605,487,2849.989461,27
29740,07:30.1,0 days 01:21:43.796000,63,654.5505556,0 days 00:01:02.446000,6715,64,1,1,FALSE,car,0.86830581,OnTrack,-5949.563655,-9625.179804,487.6912392,2852.176128,27
29741,07:30.2,0 days 01:21:43.913000,63,655.6230573,0 days 00:01:02.563000,7093.300621,62.0499968,1,5.3875072,FALSE,pos,0.868904617,OnTrack,-5958,-9643,488,2854.192753,27
29742,07:30.3,0 days 01:21:44.036000,63,656.7505556,0 days 00:01:02.686000,7491,60,1,10,FALSE,car,0.869524773,OnTrack,-5968.571288,-9660.609509,487.8636394,2856.242753,27
29743,07:30.4,0 days 01:21:44.113000,63,657.5633354,0 days 00:01:02.763000,7520.975075,60.55000137,1,11.10000274,FALSE,pos,0.869919434,OnTrack,-5976,-9671,488,2857.53785,27
29744,07:30.6,0 days 01:21:44.313000,63,659.6744465,0 days 00:01:02.963000,7598.832218,61.9785728,1,13.9571456,FALSE,pos,0.870977872,OnTrack,-6000,-9696,490,2860.981104,27
29745,07:30.6,0 days 01:21:44.316000,63,659.7061111,0 days 00:01:02.966000,7600,62,1,14,FALSE,car,0.8709943,OnTrack,-6000.480933,-9696.367403,490.036706,2861.032771,27
29746,07:30.9,0 days 01:21:44.636000,63,663.1727778,0 days 00:01:03.286000,8366,68,1,35,FALSE,car,0.872836288,OnTrack,-6066.132314,-9731.774953,493.8539105,2867.077215,27
29747,07:31.0,0 days 01:21:44.653000,63,663.3758356,0 days 00:01:03.303000,8439.761944,68.28333653,1,35.75556409,FALSE,pos,0.872937985,OnTrack,-6069,-9733,494,2867.399664,27
29748,07:31.3,0 days 01:21:44.953000,63,666.959169,0 days 00:01:03.603000,9741.428611,73.28333653,1,49.08889742,FALSE,pos,0.874805095,OnTrack,-6109,-9745,496,2873.506609,27
29749,07:31.3,0 days 01:21:44.996000,63,667.4727778,0 days 00:01:03.646000,9928,74,1,51,FALSE,car,0.875091369,OnTrack,-6117.190688,-9747.010663,496.4792929,2874.390498,27
29750,07:31.4,0 days 01:21:45.113000,63,668.6427797,0 days 00:01:03.763000,10556.04032,79.01429394,1,58.52144091,FALSE,pos,0.875898452,OnTrack,-6143,-9753,498,2876.958462,27
29751,07:31.6,0 days 01:21:45.276000,63,670.2727778,0 days 00:01:03.926000,11431,86,1,69,FALSE,car,0.877129746,OnTrack,-6180.138354,-9759.274468,499.8920518,2880.852351,27
29752,07:31.7,0 days 01:21:45.433000,63,671.2758341,0 days 00:01:04.083000,11545.7158,95.00499423,1,69.78304298,FALSE,pos,0.878488388,OnTrack,-6227,-9764,502,2884.995625,27
29753,07:32.0,0 days 01:21:45.653000,63,672.681389,0 days 00:01:04.303000,11706.46385,107.6234421,1,70.88029931,FALSE,pos,0.88059491,OnTrack,-6318,-9770,506,2891.572613,27
29754,07:32.0,0 days 01:21:45.677000,63,672.8347222,0 days 00:01:04.327000,11724,109,1,71,FALSE,car,0.880829721,OnTrack,-6326.84435,-9770.497894,506.3987622,2892.299279,27
29755,07:32.1,0 days 01:21:45.837000,63,673.7236111,0 days 00:01:04.487000,10604,117,2,72,TRUE,car,0.882414372,OnTrack,-6375.186452,-9772.826413,508.6672259,2897.499279,27
29756,07:32.3,0 days 01:21:45.997000,63,674.8791667,0 days 00:01:04.647000,9484,116,2,0,TRUE,car,0.88398548,OnTrack,-6410.517685,-9773.508521,510.4310123,2902.654835,27
29757,07:32.4,0 days 01:21:46.133000,63,676.6547222,0 days 00:01:04.783000,9779.233333,106.9333333,2,0,TRUE,pos,0.885166705,OnTrack,-6445,-9773,512,2906.694539,27
29758,07:32.5,0 days 01:21:46.237000,63,678.0125,0 days 00:01:04.887000,10005,100,2,0,TRUE,car,0.886017084,OnTrack,-6474.837852,-9771.935133,513.2715423,2909.583428,27
29759,07:32.6,0 days 01:21:46.293000,63,678.8836111,0 days 00:01:04.943000,10198.2,98.6,2,0,TRUE,pos,0.886472847,OnTrack,-6491,-9771,514,2911.117205,27
29760,07:32.7,0 days 01:21:46.437000,63,681.1236111,0 days 00:01:05.087000,10695,95,1,0,TRUE,car,0.887625438,OnTrack,-6530.459605,-9767.246109,516.0288164,2914.917205,27
29761,07:32.8,0 days 01:21:46.513000,63,682.6013889,0 days 00:01:05.163000,10505,93.3375,1,0.7125,TRUE,pos,0.888210125,OnTrack,-6550,-9765,517,2916.887664,27
29762,07:33.0,0 days 01:21:46.693000,63,686.1013889,0 days 00:01:05.343000,10055,89.4,1,2.4,TRUE,pos,0.889540031,OnTrack,-6596,-9758,519,2921.357664,27
29763,07:33.1,0 days 01:21:46.757000,63,687.3458333,0 days 00:01:05.407000,9895,88,1,3,TRUE,car,0.890009187,OnTrack,-6616.434189,-9752.604882,520.0043709,2922.922108,27
29764,07:33.3,0 days 01:21:46.973000,63,691.9658333,0 days 00:01:05.623000,10001.45714,86.45714286,1,9.942857143,TRUE,pos,0.891588503,OnTrack,-6686,-9729,523,2928.109537,27
29765,07:33.3,0 days 01:21:47.037000,63,693.3347222,0 days 00:01:05.687000,10033,86,1,12,FALSE,car,0.892047564,OnTrack,-6696.253356,-9724.900862,522.7249307,2929.638426,27
29766,07:33.5,0 days 01:21:47.213000,63,697.4413889,0 days 00:01:05.863000,9664.866667,83.8,1,9.066666667,FALSE,pos,0.893282937,OnTrack,-6709,-9715,520,2933.735314,27
29767,07:33.6,0 days 01:21:47.277000,63,698.9347222,0 days 00:01:05.927000,9531,83,1,8,FALSE,car,0.893733795,OnTrack,-6716.160207,-9707.410102,519.0280039,2935.21087,27
29768,07:33.8,0 days 01:21:47.517000,63,704.6013889,0 days 00:01:06.167000,10090,85,1,28,FALSE,car,0.895460659,OnTrack,-6754.754528,-9661.146191,515.8777465,2940.877537,27
29769,07:33.9,0 days 01:21:47.593000,63,706.3958333,0 days 00:01:06.243000,10349.35,85.95,1,35.125,FALSE,pos,0.896015976,OnTrack,-6765,-9645,515,2942.692037,27
29770,07:34.0,0 days 01:21:47.677000,63,708.3791667,0 days 00:01:06.327000,10636,87,1,43,FALSE,car,0.89663899,OnTrack,-6774.100857,-9627.151621,514.0886956,2944.722037,27
29771,07:34.2,0 days 01:21:47.877000,63,713.1013889,0 days 00:01:06.527000,11382,91,1,56,FALSE,car,0.898179623,OnTrack,-6788.940402,-9582.854281,512.1444203,2949.777592,27
29772,07:34.2,0 days 01:21:47.893000,63,713.4613891,0 days 00:01:06.543000,11417.66146,91.35109739,1,56.75235155,FALSE,pos,0.898305248,OnTrack,-6790,-9579,512,2950.183597,27
29773,07:34.5,0 days 01:21:48.173000,63,719.7613929,0 days 00:01:06.823000,12041.73707,97.49530172,1,69.91850368,FALSE,pos,0.900614245,OnTrack,-6807,-9504,510,2957.766565,27
29774,07:34.5,0 days 01:21:48.196000,63,720.2788889,0 days 00:01:06.846000,12093,98,1,71,FALSE,car,0.900825957,OnTrack,-6808.327639,-9497.342559,509.9314463,2958.392676,27
29775,07:34.7,0 days 01:21:48.433000,63,724.0972253,0 days 00:01:07.083000,12010.04993,113.997513,1,79.8875072,FALSE,pos,0.903249549,OnTrack,-6823,-9425,509,2965.897512,27
29776,07:34.9,0 days 01:21:48.553000,63,726.0305586,0 days 00:01:07.203000,11968.04993,122.097513,1,84.3875072,FALSE,pos,0.904576876,OnTrack,-6833,-9386,507,2969.967429,27
29777,07:34.9,0 days 01:21:48.596000,63,726.7233333,0 days 00:01:07.246000,11953,125,2,86,FALSE,car,0.905058467,OnTrack,-6836.848186,-9371.712777,506.7127663,2971.460485,27
29778,07:35.0,0 days 01:21:48.734000,63,728.6016684,0 days 00:01:07.384000,11710.11977,132.590007,2,95.66000896,FALSE,pos,0.906628366,OnTrack,-6851,-9325,507,2976.543102,27
29779,07:35.1,0 days 01:21:48.796000,63,729.4455556,0 days 00:01:07.446000,11601,136,2,100,FALSE,car,0.907360952,OnTrack,-6859.205395,-9303.756458,506.8408104,2978.885324,27
29780,07:35.2,0 days 01:21:48.934000,63,730.9405569,0 days 00:01:07.584000,11191.13962,144.9700083,2,100,FALSE,pos,0.909073969,OnTrack,-6882,-9255,506,2984.442508,27
29781,07:35.3,0 days 01:21:48.996000,63,731.6122222,0 days 00:01:07.646000,11007,149,3,100,FALSE,car,0.909883527,OnTrack,-6894.367652,-9231.741448,505.7150079,2987.008619,27
29782,07:35.5,0 days 01:21:49.154000,63,732.6655564,0 days 00:01:07.804000,11432.94201,160.1916757,3,100,FALSE,pos,0.912063098,OnTrack,-6928,-9174,505,2994.039254,27
29783,07:35.5,0 days 01:21:49.236000,63,733.2122222,0 days 00:01:07.886000,11654,166,3,100,FALSE,car,0.913255991,OnTrack,-6942.931608,-9150.185786,504.3211222,2997.820365,27
29784,07:35.8,0 days 01:21:49.454000,63,733.5755558,0 days 00:01:08.104000,11352.268,175.9090967,3,100,FALSE,pos,0.916623246,OnTrack,-7007,-9057,503,3008.472638,27
29785,07:35.9,0 days 01:21:49.574000,63,733.7755558,0 days 00:01:08.224000,11186.1771,181.3636422,3,100,FALSE,pos,0.918551924,OnTrack,-7083,-8947,504,3014.518093,27
29786,07:36.0,0 days 01:21:49.676000,63,733.9455556,0 days 00:01:08.326000,11045,186,4,100,FALSE,car,0.920183762,OnTrack,-7119.913916,-8893.419673,504.4585867,3019.788093,27
29787,07:36.1,0 days 01:21:49.836000,63,734.0788889,0 days 00:01:08.486000,11488,190,4,100,FALSE,car,0.922757128,OnTrack,-7128.245024,-8877.796064,504.2110689,3028.232537,27
29788,07:36.2,0 days 01:21:49.914000,63,733.6672215,0 days 00:01:08.564000,11322.60427,193.7227334,4,100,FALSE,pos,0.924072035,OnTrack,-7138,-8856,504,3032.429863,27
29789,07:36.6,0 days 01:21:50.273000,63,731.772499,0 days 00:01:08.923000,10561.36096,210.8568273,4,100,FALSE,pos,0.930561149,OnTrack,-7242,-8630,503,3053.456974,27
29790,07:36.6,0 days 01:21:50.276000,63,731.7566667,0 days 00:01:08.926000,10555,211,5,100,FALSE,car,0.930616051,OnTrack,-7242.708022,-8628.376674,502.9955591,3053.632808,27
29791,07:36.8,0 days 01:21:50.516000,63,729.8233333,0 days 00:01:09.166000,11065,217,5,100,FALSE,car,0.935024633,OnTrack,-7278.896038,-8535.076097,502.9351342,3068.099474,27
29792,07:37.0,0 days 01:21:50.653000,63,728.3772202,0 days 00:01:09.303000,11281.34614,220.4250048,5,100,FALSE,pos,0.937588806,OnTrack,-7303,-8459,503,3076.48787,27
29793,07:37.1,0 days 01:21:50.756000,63,727.29,0 days 00:01:09.406000,11444,223,5,100,FALSE,car,0.939555111,OnTrack,-7329.826993,-8372.820559,503.0433889,3082.868148,27
29794,07:37.2,0 days 01:21:50.913000,63,725.1094418,0 days 00:01:09.563000,11634.75523,230.0650086,5,100,FALSE,pos,0.942628573,OnTrack,-7374,-8229,503,3092.901539,27
29795,07:37.3,0 days 01:21:50.956000,63,724.5122222,0 days 00:01:09.606000,11687,232,5,100,FALSE,car,0.943482879,OnTrack,-7383.612616,-8197.123266,502.9362193,3095.67265,27
29796,07:37.6,0 days 01:21:51.276000,63,719.09,0 days 00:01:09.926000,10666,239,6,100,FALSE,car,0.949956926,OnTrack,-7432.444644,-8025.071455,502.0599021,3116.917094,27
29797,07:37.6,0 days 01:21:51.313000,63,718.4116631,0 days 00:01:09.963000,10715.48776,239.4625024,6,100,FALSE,pos,0.950710797,OnTrack,-7439,-8001,502,3119.378237,27
29798,07:37.7,0 days 01:21:51.436000,63,716.1566667,0 days 00:01:10.086000,10880,241,6,100,FALSE,car,0.953221037,OnTrack,-7464.166613,-7908.048399,501.9129845,3127.612403,27
29799,07:37.9,0 days 01:21:51.596000,63,713.0011111,0 days 00:01:10.246000,10979,243,6,100,FALSE,car,0.956512236,OnTrack,-7499.71172,-7775.683672,501.9783148,3138.412403,27
29800,07:38.0,0 days 01:21:51.653000,63,711.68694,0 days 00:01:10.303000,11010.82511,244.5833387,6,100,FALSE,pos,0.957707398,OnTrack,-7510,-7737,502,3142.284973,27
29801,07:38.3,0 days 01:21:51.956000,63,704.7011111,0 days 00:01:10.606000,11180,253,6,100,FALSE,car,0.964222175,OnTrack,-7543.46915,-7605.330658,502.0505785,3163.57914,27
29802,07:38.4,0 days 01:21:52.093000,63,701.314166,0 days 00:01:10.743000,11325.50935,254.7018637,6,100,FALSE,pos,0.967177473,OnTrack,-7559,-7533,502,3173.27196,27
29803,07:38.4,0 days 01:21:52.117000,63,700.7208333,0 days 00:01:10.767000,11351,255,6,100,FALSE,car,0.967697489,OnTrack,-7562.237971,-7517.332015,501.9849028,3174.97196,27
29804,07:38.6,0 days 01:21:52.253000,63,697.0941667,0 days 00:01:10.903000,11420.02,256.7,6,100,FALSE,pos,0.970664047,OnTrack,-7582,-7419,502,3184.669516,27
29805,07:38.8,0 days 01:21:52.513000,63,690.1608333,0 days 00:01:11.163000,11551.97,259.95,6,100,FALSE,pos,0.976412153,OnTrack,-7614,-7218,503,3203.443683,27
29806,07:38.8,0 days 01:21:52.517000,63,690.0541667,0 days 00:01:11.167000,11554,260,6,100,FALSE,car,0.976501108,OnTrack,-7614.534782,-7213.21553,502.9927639,3203.732572,27
29807,07:39.0,0 days 01:21:52.693000,63,684.9697222,0 days 00:01:11.343000,11752,262.9333333,6,100,FALSE,pos,0.980429696,OnTrack,-7638,-6971,502,3216.58709,27
29808,07:39.1,0 days 01:21:52.757000,63,683.1208333,0 days 00:01:11.407000,11824,264,6,100,FALSE,car,0.981864544,OnTrack,-7643.484677,-6910.161067,501.7747987,3221.280423,27
29809,07:39.3,0 days 01:21:52.957000,63,677.0097222,0 days 00:01:11.607000,11864,266,6,100,FALSE,car,0.986367934,OnTrack,-7648.703909,-6839.436338,501.9001737,3236.058201,27
29810,07:39.4,0 days 01:21:53.073000,63,673.2075,0 days 00:01:11.723000,11893,266.6444444,6,100,FALSE,pos,0.988992434,OnTrack,-7651,-6798,502,3244.650078,27
29811,07:39.6,0 days 01:21:53.317000,63,665.2097222,0 days 00:01:11.967000,11954,268,6,100,FALSE,car,0.994534984,OnTrack,-7660.997903,-6632.329744,501.9414169,3262.814522,27
29812,07:39.7,0 days 01:21:53.353000,63,665.2097222,0 days 00:01:12.003000,11915.6,268.15,6,100,FALSE,pos,0.995353952,OnTrack,-7663,-6599,502,3265.496022,27
29813,07:39.7,0 days 01:21:53.401000,63,665.2097222,0 days 00:01:12.051000,11864.4,268.35,6,100,FALSE,interpolation,0.996446332,OnTrack,-7665.867347,-6551.03219,502.1237837,3269.074022,27